gap_true_mm,vib_A_mm,vib_f_Hz,eta,gHat_raw_corr_mm,gHat_raw_rmse_mm,gHat_width_mm,err_raw_corr_mm,err_raw_rmse_mm,err_width_mm,raw_corr_correct,raw_rmse_correct,width_correct,best_raw_corr,best_width_dist,width_correct_rank,width_separability
0.2,0,0,0,0.2,0.2,0.2,0,0,0,1,1,1,1,4.75706599140163e-17,1,8267550928074.35
0.2,0,200,0,0.2,0.2,0.2,0,0,0,1,1,1,1,4.75706599140163e-17,1,8267550928074.35
0.2,0,400,0,0.2,0.2,0.2,0,0,0,1,1,1,1,4.75706599140163e-17,1,8267550928074.35
0.2,0,600,0,0.2,0.2,0.2,0,0,0,1,1,1,1,4.75706599140163e-17,1,8267550928074.35
0.2,0,800,0,0.2,0.2,0.2,0,0,0,1,1,1,1,4.75706599140163e-17,1,8267550928074.35
0.2,0,1000,0,0.2,0.2,0.2,0,0,0,1,1,1,1,4.75706599140163e-17,1,8267550928074.35
0.2,0.05,0,0,0.2,0.2,0.2,0,0,0,1,1,1,1,4.44305997370834e-17,1,8267550928074.41
0.2,0.05,200,0.00020943951023932,0.2,0.2,0.2,0,0,0,1,1,1,0.999999981989401,3.8167867638784e-06,1,480.258900973017
0.2,0.05,400,0.000418879020478639,0.2,0.2,0.2,0,0,0,1,1,1,0.999999928038282,7.46929738894789e-06,1,245.097503313402
0.2,0.05,600,0.000628318530717959,0.2,0.2,0.2,0,0,0,1,1,1,0.999999838191456,1.10554265729731e-05,1,165.408189273654
0.2,0.05,800,0.000837758040957278,0.2,0.2,0.2,0,0,0,1,1,1,0.999999712572267,1.47254576409621e-05,1,124.054458063881
0.2,0.05,1000,0.0010471975511966,0.2,0.2,0.2,0,0,0,1,1,1,0.99999955130473,1.83084079695758e-05,1,99.6894105534277
0.2,0.1,0,0,0.2,0.2,0.2,0,0,0,1,1,1,1,2.5018537765542e-17,1,8267550928074.42
0.2,0.1,200,0.000418879020478639,0.2,0.2,0.2,0,0,0,1,1,1,0.99999992803017,7.46966071654486e-06,1,245.085274880071
0.2,0.1,400,0.000837758040957278,0.2,0.2,0.2,0,0,0,1,1,1,0.999999712443404,1.47269115244841e-05,1,124.041147439591
0.2,0.1,600,0.00125663706143592,0.2,0.2,0.2,0,0,0,1,1,1,0.999999353641715,2.17861613200512e-05,1,83.714462726404
0.2,0.1,800,0.00167551608191456,0.2,0.2,0.2,0,0,0,1,1,1,0.999998851809873,2.82597939157762e-05,1,64.4821304995094
0.2,0.1,1000,0.0020943951023932,0.2,0.2,0.2,0,0,0,1,1,1,0.999998208085334,3.40825397049186e-05,1,53.4574274413352
0.2,0.2,0,0,0.2,0.2,0.2,0,0,0,1,1,1,1,6.66458996056251e-17,1,8267550928074.33
0.2,0.2,200,0.000837758040957278,0.2,0.2,0.2,0,0,0,1,1,1,0.999999712411181,1.47272792468296e-05,1,124.037784090197
0.2,0.2,400,0.00167551608191456,0.2,0.2,0.2,0,0,0,1,1,1,0.999998851297784,2.82538661366633e-05,1,64.4950106444459
0.2,0.2,600,0.00251327412287183,0.2,0.2,0.2,0,0,0,1,1,1,0.999997420777566,3.94375200664699e-05,1,46.2177095336662
0.2,0.2,800,0.00335103216382911,0.2,0.2,0.2,0,0,0,1,1,1,0.99999542340203,5.15155509292888e-05,1,35.4289500734636
0.2,0.2,1000,0.00418879020478639,0.2,0.2,0.2,0,0,0,1,1,1,0.999992863659772,6.62089953075966e-05,1,27.5988998040736
0.2,0.3,0,0,0.2,0.2,0.2,0,0,0,1,1,1,1,4.44305997370834e-17,1,8267550928074.41
0.2,0.3,200,0.00125663706143592,0.2,0.2,0.2,0,0,0,1,1,1,0.999999353448137,2.17857025461161e-05,1,83.7156444221004
0.2,0.3,400,0.00251327412287183,0.2,0.2,0.2,0,0,0,1,1,1,0.999997420303878,3.9429889901768e-05,1,46.2265200664661
0.2,0.3,600,0.00376991118430775,0.2,0.2,0.2,0,0,0,1,1,1,0.999994211162236,5.85486192196433e-05,1,31.1934328953992
0.2,0.3,800,0.00502654824574367,0.2,0.2,0.2,0,0,0,1,1,1,0.999989734703209,8.31398673676247e-05,1,21.9908264075905
0.2,0.3,1000,0.00628318530717959,0.2,0.2,0.2,0,0,0,1,1,1,0.999983997884137,0.000115286864511019,1,15.8531801028944
0.2,0.5,0,0,0.2,0.2,0.2,0,0,0,1,1,1,1,4.33333785409995e-17,1,8267550928074.41
0.2,0.5,200,0.0020943951023932,0.2,0.2,0.2,0,0,0,1,1,1,0.999998206500075,3.40613987099365e-05,1,53.4895726135132
0.2,0.5,400,0.00418879020478639,0.2,0.2,0.2,0,0,0,1,1,1,0.999992858246038,6.61479206058862e-05,1,27.624396453144
0.2,0.5,600,0.00628318530717959,0.2,0.2,0.2,0,0,0,1,1,1,0.999983988776738,0.000115256913599933,1,15.8571829919301
0.2,0.5,800,0.00837758040957278,0.2,0.2,0.2,0,0,0,1,1,1,0.99997180993678,0.00018587659457825,1,9.809234193314
0.2,0.5,1000,0.010471975511966,0.2,0.2,0.2,0,0,0,1,1,1,0.999956330219229,0.000216511695253626,1,8.41109392420952
0.2,0.7,0,0,0.2,0.2,0.2,0,0,0,1,1,1,1,1.55158384577955e-17,1,8267550928074.39
0.2,0.7,200,0.00293215314335047,0.2,0.2,0.2,0,0,0,1,1,1,0.999996491417189,4.51032782066898e-05,1,40.4383543951818
0.2,0.7,400,0.00586430628670095,0.2,0.2,0.2,0,0,0,1,1,1,0.999986040376728,0.000103599043767063,1,17.6471405902146
0.2,0.7,600,0.00879645943005142,0.2,0.2,0.2,0,0,0,1,1,1,0.999969001077296,0.000199377334566212,1,9.14007064829651
0.2,0.7,800,0.0117286125734019,0.2,0.2,0.2,0,0,0,1,1,1,0.999945077524611,0.000225347077433932,1,8.07956315391931
0.2,0.7,1000,0.0146607657167524,0.2,0.2,0.2,0,0,0,1,1,1,0.999913557986314,0.000284733078146681,1,6.39543707228576
0.2,1,0,0,0.2,0.2,0.2,0,0,0,1,1,1,1,4.33333785409995e-17,1,8267550928074.41
0.2,1,200,0.00418879020478639,0.2,0.2,0.2,0,0,0,1,1,1,0.99999285747261,6.61392164287038e-05,1,27.6280338356834
0.2,1,400,0.00837758040957278,0.2,0.2,0.2,0,0,0,1,1,1,0.999971799291933,0.000185877919863119,1,9.80905574366879
0.2,1,600,0.0125663706143592,0.2,0.2,0.2,0,0,0,1,1,1,0.999936753897105,0.000235118272172089,1,7.74355263307308
0.2,1,800,0.0167551608191456,0.2,0.2,0.2,0,0,0,1,1,1,0.999887149190616,0.000336788424428508,1,5.40673890903774
0.2,1,1000,0.020943951023932,0.2,0.2,0.2,0,0,0,1,1,1,0.999824530561254,0.000430809535456258,1,4.21875258151495
0.4,0,0,0,0.4,0.4,0.4,0,0,0,1,1,1,1,1.04775000276818e-16,1,8267550928074.23
0.4,0,200,0,0.4,0.4,0.4,0,0,0,1,1,1,1,1.04775000276818e-16,1,8267550928074.23
0.4,0,400,0,0.4,0.4,0.4,0,0,0,1,1,1,1,1.04775000276818e-16,1,8267550928074.23
0.4,0,600,0,0.4,0.4,0.4,0,0,0,1,1,1,1,1.04775000276818e-16,1,8267550928074.23
0.4,0,800,0,0.4,0.4,0.4,0,0,0,1,1,1,1,1.04775000276818e-16,1,8267550928074.23
0.4,0,1000,0,0.4,0.4,0.4,0,0,0,1,1,1,1,1.04775000276818e-16,1,8267550928074.23
0.4,0.05,0,0,0.4,0.4,0.4,0,0,0,1,1,1,1,3.04442734473391e-17,1,8267550928074.4
0.4,0.05,200,0.00020943951023932,0.4,0.4,0.4,0,0,0,1,1,1,0.999999985507594,7.17017478645526e-06,1,254.083680109585
0.4,0.05,400,0.000418879020478639,0.4,0.4,0.4,0,0,0,1,1,1,0.999999942025776,1.43956397913135e-05,1,125.576388680045
0.4,0.05,600,0.000628318530717959,0.4,0.4,0.4,0,0,0,1,1,1,0.999999869534224,2.16772774927933e-05,1,82.7386463304489
0.4,0.05,800,0.000837758040957278,0.4,0.4,0.4,0,0,0,1,1,1,0.999999768128616,2.89824320022773e-05,1,61.3922882057102
0.4,0.05,1000,0.0010471975511966,0.4,0.4,0.4,0,0,0,1,1,1,0.999999637819526,3.62841186105837e-05,1,48.6460198090787
0.4,0.1,0,0,0.4,0.4,0.4,0,0,0,1,1,1,1,3.55512521017773e-17,1,8267550928074.38
0.4,0.1,200,0.000418879020478639,0.4,0.4,0.4,0,0,0,1,1,1,0.99999994202056,1.43959577899877e-05,1,125.573590847388
0.4,0.1,400,0.000837758040957278,0.4,0.4,0.4,0,0,0,1,1,1,0.999999768045557,2.89849236635304e-05,1,61.3869156811238
0.4,0.1,600,0.00125663706143592,0.4,0.4,0.4,0,0,0,1,1,1,0.999999478251973,4.36222120456434e-05,1,40.1357417825151
0.4,0.1,800,0.00167551608191456,0.4,0.4,0.4,0,0,0,1,1,1,0.999999072516088,5.84883279618825e-05,1,29.4393655939105
0.4,0.1,1000,0.0020943951023932,0.4,0.4,0.4,0,0,0,1,1,1,0.9999985510734,7.35728837863317e-05,1,23.0030262949269
0.4,0.2,0,0,0.4,0.4,0.4,0,0,0,1,1,1,1,2.52579550652517e-17,1,8267550928074.4
0.4,0.2,200,0.000837758040957278,0.4,0.4,0.4,0,0,0,1,1,1,0.999999768024791,2.89855486030019e-05,1,61.385568307065
0.4,0.2,400,0.00167551608191456,0.4,0.4,0.4,0,0,0,1,1,1,0.999999072183707,5.84942429844843e-05,1,29.4362561204327
0.4,0.2,600,0.00251327412287183,0.4,0.4,0.4,0,0,0,1,1,1,0.999997912608911,8.88207666567596e-05,1,18.7178819607032
0.4,0.2,800,0.00335103216382911,0.4,0.4,0.4,0,0,0,1,1,1,0.99999628979193,0.000118046163003081,1,13.6014446272166
0.4,0.2,1000,0.00418879020478639,0.4,0.4,0.4,0,0,0,1,1,1,0.999994204105222,0.000148451788415218,1,10.4169916192038
0.4,0.3,0,0,0.4,0.4,0.4,0,0,0,1,1,1,1,1.06427794703392e-16,1,8267550928074.19
0.4,0.3,200,0.00125663706143592,0.4,0.4,0.4,0,0,0,1,1,1,0.999999478127384,4.36249026276281e-05,1,40.1331932068198
0.4,0.3,400,0.00251327412287183,0.4,0.4,0.4,0,0,0,1,1,1,0.999997912298344,8.88249967308132e-05,1,18.716920083303
0.4,0.3,600,0.00376991118430775,0.4,0.4,0.4,0,0,0,1,1,1,0.999995303009725,0.000133070651596427,1,11.8461857011198
0.4,0.3,800,0.00502654824574367,0.4,0.4,0.4,0,0,0,1,1,1,0.9999916514561,0.000180376405157063,1,8.22830363674855
0.4,0.3,1000,0.00628318530717959,0.4,0.4,0.4,0,0,0,1,1,1,0.999986957667149,0.000230816388809666,1,6.00330483679843
0.4,0.5,0,0,0.4,0.4,0.4,0,0,0,1,1,1,1,2.40370335797945e-17,1,8267550928074.43
0.4,0.5,200,0.0020943951023932,0.4,0.4,0.4,0,0,0,1,1,1,0.999998550038451,7.35880512132626e-05,1,22.9979973867445
0.4,0.5,400,0.00418879020478639,0.4,0.4,0.4,0,0,0,1,1,1,0.999994200500433,0.000148482750554439,1,10.4145204416552
0.4,0.5,600,0.00628318530717959,0.4,0.4,0.4,0,0,0,1,1,1,0.999986951491096,0.000230859649775176,1,6.00187783811261
0.4,0.5,800,0.00837758040957278,0.4,0.4,0.4,0,0,0,1,1,1,0.999977016863994,0.000320469789645242,1,3.77713455837725
0.4,0.5,1000,0.010471975511966,0.4,0.4,0.4,0,0,0,1,1,1,0.999964314584133,0.000398480604806195,1,2.65747873158723
0.4,0.7,0,0,0.4,0.4,0.4,0,0,0,1,1,1,1,2.96429677516722e-17,1,8267550928074.38
0.4,0.7,200,0.00293215314335047,0.4,0.4,0.4,0,0,0,1,1,1,0.999997158052753,0.000103451399636342,1,15.7947361860689
0.4,0.7,400,0.00586430628670095,0.4,0.4,0.4,0,0,0,1,1,1,0.999988632362519,0.000213883724936181,1,6.63335806495489
0.4,0.7,600,0.00879645943005142,0.4,0.4,0.4,0,0,0,1,1,1,0.999974725244323,0.000336240047535026,1,3.5072690511944
0.4,0.7,800,0.0117286125734019,0.4,0.4,0.4,0,0,0,1,1,1,0.999955061907636,0.000442698221507469,1,2.19850377708882
0.4,0.7,1000,0.0146607657167524,0.4,0.4,0.4,0,0,0,1,1,1,0.999929282971017,0.000560638097180111,1,1.32890011536222
0.4,1,0,0,0.4,0.4,0.4,0,0,0,1,1,1,1,2.40370335797945e-17,1,8267550928074.43
0.4,1,200,0.00418879020478639,0.4,0.4,0.4,0,0,0,1,1,1,0.999994199985406,0.000148487192530398,1,10.4141659831421
0.4,1,400,0.00837758040957278,0.4,0.4,0.4,0,0,0,1,1,1,0.999977010090346,0.000320506787734367,1,3.7765017416405
0.4,1,600,0.0125663706143592,0.4,0.4,0.4,0,0,0,1,1,1,0.999948224772182,0.000473714520697331,1,1.92760118515038
0.4,1,800,0.0167551608191456,0.4,0.4,0.4,0,0,0,1,1,1,0.999907938470585,0.000650799424875118,1,0.879201991212392
0.4,1,1000,0.020943951023932,0.4,0.4,0.4,0,0,0,1,1,1,0.999856872271843,0.000806248613800118,1,0.348335225131801
0.6,0,0,0,0.6,0.6,0.6,0,0,0,1,1,1,1,3.41700896806661e-17,1,10257232598084.2
0.6,0,200,0,0.6,0.6,0.6,0,0,0,1,1,1,1,3.41700896806661e-17,1,10257232598084.2
0.6,0,400,0,0.6,0.6,0.6,0,0,0,1,1,1,1,3.41700896806661e-17,1,10257232598084.2
0.6,0,600,0,0.6,0.6,0.6,0,0,0,1,1,1,1,3.41700896806661e-17,1,10257232598084.2
0.6,0,800,0,0.6,0.6,0.6,0,0,0,1,1,1,1,3.41700896806661e-17,1,10257232598084.2
0.6,0,1000,0,0.6,0.6,0.6,0,0,0,1,1,1,1,3.41700896806661e-17,1,10257232598084.2
0.6,0.05,0,0,0.6,0.6,0.6,0,0,0,1,1,1,1,2.68742205309329e-17,1,10257232598084.2
0.6,0.05,200,0.00020943951023932,0.6,0.6,0.6,0,0,0,1,1,1,0.999999987792093,1.24472386140031e-05,1,181.16929792913
0.6,0.05,400,0.000418879020478639,0.6,0.6,0.6,0,0,0,1,1,1,0.999999951160712,2.49450828660602e-05,1,89.4948333802686
0.6,0.05,600,0.000628318530717959,0.6,0.6,0.6,0,0,0,1,1,1,0.999999890088656,3.74758251597823e-05,1,58.965967201415
0.6,0.05,800,0.000837758040957278,0.6,0.6,0.6,0,0,0,1,1,1,0.999999804671721,4.99177099000767e-05,1,43.8195323148265
0.6,0.05,1000,0.0010471975511966,0.6,0.6,0.6,0,0,0,1,1,1,0.999999694920824,6.24205176672845e-05,1,34.6815113323564
0.6,0.1,0,0,0.6,0.6,0.6,0,0,0,1,1,1,1,3.32777661212807e-17,1,10257232598084.2
0.6,0.1,200,0.000418879020478639,0.6,0.6,0.6,0,0,0,1,1,1,0.999999951157068,2.49474115659744e-05,1,89.4863479616331
0.6,0.1,400,0.000837758040957278,0.6,0.6,0.6,0,0,0,1,1,1,0.999999804614056,4.99362930472316e-05,1,43.8027055652456
0.6,0.1,600,0.00125663706143592,0.6,0.6,0.6,0,0,0,1,1,1,0.999999560628438,7.50671906140983e-05,1,28.5355963351898
0.6,0.1,800,0.00167551608191456,0.6,0.6,0.6,0,0,0,1,1,1,0.999999219610747,0.000100549247719549,1,20.8483486590873
0.6,0.1,1000,0.0020943951023932,0.6,0.6,0.6,0,0,0,1,1,1,0.999998781660268,0.00012620945102669,1,16.2445176240278
0.6,0.2,0,0,0.6,0.6,0.6,0,0,0,1,1,1,1,2.30137075393447e-17,1,10257232598084.2
0.6,0.2,200,0.000837758040957278,0.6,0.6,0.6,0,0,0,1,1,1,0.99999980459964,4.99409417580983e-05,1,43.7984981771081
0.6,0.2,400,0.00167551608191456,0.6,0.6,0.6,0,0,0,1,1,1,0.999999219383791,0.000100587828713169,1,20.8398166033294
0.6,0.2,600,0.00251327412287183,0.6,0.6,0.6,0,0,0,1,1,1,0.999998246594445,0.00015223589456611,1,13.1606638972742
0.6,0.2,800,0.00335103216382911,0.6,0.6,0.6,0,0,0,1,1,1,0.999996888051771,0.000204372935414546,1,9.34568720536085
0.6,0.2,1000,0.00418879020478639,0.6,0.6,0.6,0,0,0,1,1,1,0.999995145887166,0.000255644763832137,1,7.11071404675807
0.6,0.3,0,0,0.6,0.6,0.6,0,0,0,1,1,1,1,2.68742205309329e-17,1,10257232598084.2
0.6,0.3,200,0.00125663706143592,0.6,0.6,0.6,0,0,0,1,1,1,0.999999560542535,7.50862686752495e-05,1,28.5279907272085
0.6,0.3,400,0.00251327412287183,0.6,0.6,0.6,0,0,0,1,1,1,0.999998246385558,0.000152260726668495,1,13.158288681521
0.6,0.3,600,0.00376991118430775,0.6,0.6,0.6,0,0,0,1,1,1,0.999996063992652,0.00023030905973775,1,8.09121383526301
0.6,0.3,800,0.00502654824574367,0.6,0.6,0.6,0,0,0,1,1,1,0.999993016599402,0.000303200532239171,1,5.71292229901769
0.6,0.3,1000,0.00628318530717959,0.6,0.6,0.6,0,0,0,1,1,1,0.999989101332532,0.000366670298675145,1,4.41133494402391
0.6,0.5,0,0,0.6,0.6,0.6,0,0,0,1,1,1,1,2.30137075393447e-17,1,10257232598084.2
0.6,0.5,200,0.0020943951023932,0.6,0.6,0.6,0,0,0,1,1,1,0.99999878096408,0.000126307341145028,1,16.230843028708
0.6,0.5,400,0.00418879020478639,0.6,0.6,0.6,0,0,0,1,1,1,0.999995143527377,0.000255809151434906,1,7.10525328409262
0.6,0.5,600,0.00628318530717959,0.6,0.6,0.6,0,0,0,1,1,1,0.999989097339702,0.000366768063544442,1,4.40988374941317
0.6,0.5,800,0.00837758040957278,0.6,0.6,0.6,0,0,0,1,1,1,0.999980874042422,0.000469900533698575,1,3.04494325864732
0.6,0.5,1000,0.010471975511966,0.6,0.6,0.6,0,0,0,1,1,1,0.999970354498379,0.000560468853628105,1,2.25740010126713
0.6,0.7,0,0,0.6,0.6,0.6,0,0,0,1,1,1,1,2.30137075393447e-17,1,10257232598084.2
0.6,0.7,200,0.00293215314335047,0.6,0.6,0.6,0,0,0,1,1,1,0.999997614517512,0.000178514093684898,1,10.9594159383772
0.6,0.7,400,0.00586430628670095,0.6,0.6,0.6,0,0,0,1,1,1,0.999990498716821,0.000345540406689529,1,4.79194596246512
0.6,0.7,600,0.00879645943005142,0.6,0.6,0.6,0,0,0,1,1,1,0.999978978967915,0.000487367680574244,1,2.86891134800031
0.6,0.7,800,0.0117286125734019,0.6,0.6,0.6,0,0,0,1,1,1,0.999962701201267,0.000621195236156218,1,1.86468288240607
0.6,0.7,1000,0.0146607657167524,0.6,0.6,0.6,0,0,0,1,1,1,0.999941569575971,0.000793820973526083,1,1.08116568791328
0.6,1,0,0,0.6,0.6,0.6,0,0,0,1,1,1,1,2.30137075393447e-17,1,10257232598084.2
0.6,1,200,0.00418879020478639,0.6,0.6,0.6,0,0,0,1,1,1,0.999995143190321,0.00025583265712685,1,7.104473010148
0.6,1,400,0.00837758040957278,0.6,0.6,0.6,0,0,0,1,1,1,0.999980870182077,0.000469926875860515,1,3.04479518650535
0.6,1,600,0.0125663706143592,0.6,0.6,0.6,0,0,0,1,1,1,0.999957061390063,0.000663764630963773,1,1.63344783181353
0.6,1,800,0.0167551608191456,0.6,0.6,0.6,0,0,0,1,1,1,0.99992425146495,0.000921137110639964,1,0.693676469367594
0.6,1,1000,0.020943951023932,0.6,0.6,0.6,0,0,0,1,1,1,0.999882614517376,0.00112913552116917,1,0.256067213725135
0.8,0,0,0,0.8,0.8,0.8,0,0,0,1,1,1,1,2.19427091786044e-17,1,7538168888404.92
0.8,0,200,0,0.8,0.8,0.8,0,0,0,1,1,1,1,2.19427091786044e-17,1,7538168888404.92
0.8,0,400,0,0.8,0.8,0.8,0,0,0,1,1,1,1,2.19427091786044e-17,1,7538168888404.92
0.8,0,600,0,0.8,0.8,0.8,0,0,0,1,1,1,1,2.19427091786044e-17,1,7538168888404.92
0.8,0,800,0,0.8,0.8,0.8,0,0,0,1,1,1,1,2.19427091786044e-17,1,7538168888404.92
0.8,0,1000,0,0.8,0.8,0.8,0,0,0,1,1,1,1,2.19427091786044e-17,1,7538168888404.92
0.8,0.05,0,0,0.8,0.8,0.8,0,0,0,1,1,1,1,3.86341261956331e-17,1,7538168888404.97
0.8,0.05,200,0.00020943951023932,0.8,0.8,0.8,0,0,0,1,1,1,0.999999989043077,1.76219531048568e-05,1,94.5266079332474
0.8,0.05,400,0.000418879020478639,0.8,0.8,0.8,0,0,0,1,1,1,0.999999956383764,3.54357735323878e-05,1,46.7799860531226
0.8,0.05,600,0.000628318530717959,0.8,0.8,0.8,0,0,0,1,1,1,0.999999902358803,5.39562739087664e-05,1,30.5598289604902
0.8,0.05,800,0.000837758040957278,0.8,0.8,0.8,0,0,0,1,1,1,0.999999827338359,7.26094573531478e-05,1,22.5872989762169
0.8,0.05,1000,0.0010471975511966,0.8,0.8,0.8,0,0,0,1,1,1,0.999999731475616,9.1386804918601e-05,1,17.8500514748198
0.8,0.1,0,0,0.8,0.8,0.8,0,0,0,1,1,1,1,5.29588092909377e-17,1,7538168888405
0.8,0.1,200,0.000418879020478639,0.8,0.8,0.8,0,0,0,1,1,1,0.999999956380377,3.54407891814449e-05,1,46.7732668250495
0.8,0.1,400,0.000837758040957278,0.8,0.8,0.8,0,0,0,1,1,1,0.999999827288989,7.26502756270693e-05,1,22.5742143071252
0.8,0.1,600,0.00125663706143592,0.8,0.8,0.8,0,0,0,1,1,1,0.999999614611654,0.000110381860239631,1,14.6993527365703
0.8,0.1,800,0.00167551608191456,0.8,0.8,0.8,0,0,0,1,1,1,0.999999319487428,0.00014848563962642,1,10.8134319438747
0.8,0.1,1000,0.0020943951023932,0.8,0.8,0.8,0,0,0,1,1,1,0.99999894257159,0.000186716725074669,1,8.5128409365463
0.8,0.2,0,0,0.8,0.8,0.8,0,0,0,1,1,1,1,8.95359335323638e-17,1,7538168888404.66
0.8,0.2,200,0.000837758040957278,0.8,0.8,0.8,0,0,0,1,1,1,0.999999827276643,7.26604850363251e-05,1,22.5709439002017
0.8,0.2,400,0.00167551608191456,0.8,0.8,0.8,0,0,0,1,1,1,0.99999931930437,0.000148568682409354,1,10.8070224275337
0.8,0.2,600,0.00251327412287183,0.8,0.8,0.8,0,0,0,1,1,1,0.999998484897617,0.000225568089124714,1,6.97660910532732
0.8,0.2,800,0.00335103216382911,0.8,0.8,0.8,0,0,0,1,1,1,0.999997331390575,0.000303894358466465,1,5.08356851978842
0.8,0.2,1000,0.00418879020478639,0.8,0.8,0.8,0,0,0,1,1,1,0.999995850166938,0.000349018121587882,1,4.37455785285924
0.8,0.3,0,0,0.8,0.8,0.8,0,0,0,1,1,1,1,3.86341261956331e-17,1,7538168888404.97
0.8,0.3,200,0.00125663706143592,0.8,0.8,0.8,0,0,0,1,1,1,0.999999614542003,0.000110423181678044,1,14.6935991208864
0.8,0.3,400,0.00251327412287183,0.8,0.8,0.8,0,0,0,1,1,1,0.999998484743453,0.000225620743601671,1,6.97483890321068
0.8,0.3,600,0.00376991118430775,0.8,0.8,0.8,0,0,0,1,1,1,0.999996631684893,0.000329130328905092,1,4.66379260180704
0.8,0.3,800,0.00502654824574367,0.8,0.8,0.8,0,0,0,1,1,1,0.999994038256819,0.00039061367717088,1,3.866011681775
0.8,0.3,1000,0.00628318530717959,0.8,0.8,0.8,0,0,0,1,1,1,0.99999071010423,0.000454734408287466,1,3.2696090626997
0.8,0.5,0,0,0.8,0.8,0.8,0,0,0,1,1,1,1,5.14602144722741e-17,1,7538168888404.94
0.8,0.5,200,0.0020943951023932,0.8,0.8,0.8,0,0,0,1,1,1,0.999998942018104,0.000186925589483241,1,8.50262491616167
0.8,0.5,400,0.00418879020478639,0.8,0.8,0.8,0,0,0,1,1,1,0.999995848454981,0.000349048610857614,1,4.373845897247
0.8,0.5,600,0.00628318530717959,0.8,0.8,0.8,0,0,0,1,1,1,0.999990707387361,0.000454751736243408,1,3.26926085613245
0.8,0.5,800,0.00837758040957278,0.8,0.8,0.8,0,0,0,1,1,1,0.999983936536199,0.000637605145111551,1,1.99940491882681
0.8,0.5,1000,0.010471975511966,0.8,0.8,0.8,0,0,0,1,1,1,0.999975304989008,0.000782192934346698,1,1.31569630703938
0.8,0.7,0,0,0.8,0.8,0.8,0,0,0,1,1,1,1,8.49837472194074e-17,1,7538168888405.23
0.8,0.7,200,0.00293215314335047,0.8,0.8,0.8,0,0,0,1,1,1,0.999997947319487,0.000264722893299134,1,5.88852317056297
0.8,0.7,400,0.00586430628670095,0.8,0.8,0.8,0,0,0,1,1,1,0.99999189831925,0.000434645229342649,1,3.43561736464949
0.8,0.7,600,0.00879645943005142,0.8,0.8,0.8,0,0,0,1,1,1,0.999982381317287,0.000666460646623174,1,1.83704763243808
0.8,0.7,800,0.0117286125734019,0.8,0.8,0.8,0,0,0,1,1,1,0.999969060130422,0.000870429318417511,1,1.01222885787573
0.8,0.7,1000,0.0146607657167524,0.8,0.8,0.8,0,0,0,1,1,1,0.99995168153288,0.00104462882366316,1,0.577591473156038
0.8,1,0,0,0.8,0.8,0.8,0,0,0,1,1,1,1,5.14602144722741e-17,1,7538168888404.94
0.8,1,200,0.00418879020478639,0.8,0.8,0.8,0,0,0,1,1,1,0.999995848210331,0.000349052984737668,1,4.37374393316721
0.8,1,400,0.00837758040957278,0.8,0.8,0.8,0,0,0,1,1,1,0.99998393503643,0.00063787574725346,1,1.99793199534499
0.8,1,600,0.0125663706143592,0.8,0.8,0.8,0,0,0,1,1,1,0.99996446035669,0.000930817944460855,1,0.840844855854793
0.8,1,800,0.0167551608191456,0.8,0.8,0.8,0,0,0,1,1,1,0.999937356806225,0.00117103965170817,1,0.351934468073599
0.8,1,1000,0.020943951023932,0.8,0.8,0.8,0,0,0,1,1,1,0.999902745567534,0.00140321672306252,1,0.0560123549926854
1,0,0,0,1,1,1,0,0,0,1,1,1,1,1.86835436258807e-17,1,5955701574872.48
1,0,200,0,1,1,1,0,0,0,1,1,1,1,1.86835436258807e-17,1,5955701574872.48
1,0,400,0,1,1,1,0,0,0,1,1,1,1,1.86835436258807e-17,1,5955701574872.48
1,0,600,0,1,1,1,0,0,0,1,1,1,1,1.86835436258807e-17,1,5955701574872.48
1,0,800,0,1,1,1,0,0,0,1,1,1,1,1.86835436258807e-17,1,5955701574872.48
1,0,1000,0,1,1,1,0,0,0,1,1,1,1,1.86835436258807e-17,1,5955701574872.48
1,0.05,0,0,1,1,1,0,0,0,1,1,1,1,9.81307786677359e-18,1,5955701574872.5
1,0.05,200,0.00020943951023932,1,1,1,0,0,0,1,1,1,0.999999990357479,2.10237244140643e-05,1,62.2932784296782
1,0.05,400,0.000418879020478639,1,1,1,0,0,0,1,1,1,0.999999961401497,4.18792094997655e-05,1,30.9830876327593
1,0.05,600,0.000628318530717959,1,1,1,0,0,0,1,1,1,0.999999913230143,6.25759266969021e-05,1,20.5530579542837
1,0.05,800,0.000837758040957278,1,1,1,0,0,0,1,1,1,0.999999846122205,8.31226365193903e-05,1,15.3428760600272
1,0.05,1000,0.0010471975511966,1,1,1,0,0,0,1,1,1,0.99999976027054,0.000103527412445258,1,12.220483534189
1,0.1,0,0,1,1,1,0,0,0,1,1,1,1,2.7097246932071e-17,1,5955701574872.5
1,0.1,200,0.000418879020478639,1,1,1,0,0,0,1,1,1,0.999999961398566,4.1885071948987e-05,1,30.9786435680517
1,0.1,400,0.000837758040957278,1,1,1,0,0,0,1,1,1,0.999999846077981,8.31686563557618e-05,1,15.3339919113821
1,0.1,600,0.00125663706143592,1,1,1,0,0,0,1,1,1,0.999999655828604,0.000123950427935576,1,10.1285504623726
1,0.1,800,0.00167551608191456,1,1,1,0,0,0,1,1,1,0.999999392003069,0.00016431798698566,1,7.53220956860226
1,0.1,1000,0.0020943951023932,1,1,1,0,0,0,1,1,1,0.999999056025349,0.000204348243062818,1,5.97898911344816
1,0.2,0,0,1,1,1,0,0,0,1,1,1,1,9.74537943758967e-17,1,5955701574872.25
1,0.2,200,0.000837758040957278,1,1,1,0,0,0,1,1,1,0.999999846066923,8.31801659187081e-05,1,15.3317715406312
1,0.2,400,0.00167551608191456,1,1,1,0,0,0,1,1,1,0.999999391847876,0.000164407356981277,1,7.5277821033618
1,0.2,600,0.00251327412287183,1,1,1,0,0,0,1,1,1,0.999998648590756,0.000244403901111709,1,4.94031861655981
1,0.2,800,0.00335103216382911,1,1,1,0,0,0,1,1,1,0.999997625825388,0.000323738497525047,1,3.65472248383215
1,0.2,1000,0.00418879020478639,1,1,1,0,0,0,1,1,1,0.999996330690499,0.000402861630021778,1,2.7277748150108
1,0.3,0,0,1,1,1,0,0,0,1,1,1,1,9.81307786677359e-18,1,5955701574872.5
1,0.3,200,0.00125663706143592,1,1,1,0,0,0,1,1,1,0.999999655767325,0.00012399573305825,1,10.1246082467444
1,0.3,400,0.00251327412287183,1,1,1,0,0,0,1,1,1,0.999998648465655,0.000244458626993758,1,4.93909485822409
1,0.3,600,0.00376991118430775,1,1,1,0,0,0,1,1,1,0.999997011415196,0.000363483572149419,1,3.1753339508332
1,0.3,800,0.00502654824574367,1,1,1,0,0,0,1,1,1,0.999994768697945,0.000478949680466877,1,2.07498855869284
1,0.3,1000,0.00628318530717959,1,1,1,0,0,0,1,1,1,0.999991940602072,0.00056937803732377,1,1.52515114521893
1,0.5,0,0,1,1,1,0,0,0,1,1,1,1,1.62731486613146e-17,1,5955701574872.49
1,0.5,200,0.0020943951023932,1,1,1,0,0,0,1,1,1,0.999999055578158,0.000204569118274016,1,5.97192043034042
1,0.5,400,0.00418879020478639,1,1,1,0,0,0,1,1,1,0.999996329556348,0.000403236766604184,1,2.72415948996592
1,0.5,600,0.00628318530717959,1,1,1,0,0,0,1,1,1,0.999991939262515,0.000569627903679471,1,1.52405812594868
1,0.5,800,0.00837758040957278,1,1,1,0,0,0,1,1,1,0.99998613679069,0.00069661553994901,1,0.983941910159019
1,0.5,1000,0.010471975511966,1,1,1,0,0,0,1,1,1,0.999978836596274,0.000768633109426811,1,0.747280705726147
1,0.7,0,0,1,1,1,0,0,0,1,1,1,1,4.40223466723397e-17,1,5955701574872.58
1,0.7,200,0.00293215314335047,1,1,1,0,0,0,1,1,1,0.999998170903113,0.000284265952331819,1,4.2023196913605
1,0.7,400,0.00586430628670095,1,1,1,0,0,0,1,1,1,0.99999294576176,0.000539408826561577,1,1.68705879879761
1,0.7,600,0.00879645943005142,1,1,1,0,0,0,1,1,1,0.999984824411548,0.000708828222589972,1,0.934481282944504
1,0.7,800,0.0117286125734019,1,1,1,0,0,0,1,1,1,0.999973486668401,0.00082464308234317,1,0.61601285308601
1,0.7,1000,0.0146607657167524,1.2,1,1,0.2,0,0,0,1,1,0.999970602128432,0.000992167399133476,1,0.327471159980272
1,1,0,0,1,1,1,0,0,0,1,1,1,1,1.62731486613146e-17,1,5955701574872.49
1,1,200,0.00418879020478639,1,1,1,0,0,0,1,1,1,0.999996329394425,0.000403290392464295,1,2.72364322171263
1,1,400,0.00837758040957278,1,1,1,0,0,0,1,1,1,0.999986136843256,0.000696515716885266,1,0.984231593775
1,1,600,0.0125663706143592,1,1,1,0,0,0,1,1,1,0.999969518110411,0.000863200252303089,1,0.539155221014546
1,1,800,0.0167551608191456,1.2,1,1,0.2,0,0,0,1,1,0.999970700972734,0.00111172079979134,1,0.171447311540924
1,1,1000,0.020943951023932,1.2,1,0.8,0.2,0,-0.2,0,1,0,0.999966382310679,0.00128553325696094,2,0
1.2,0,0,0,1.2,1.2,1.2,0,0,0,1,1,1,1,2.22152998685417e-17,1,4126200612866.23
1.2,0,200,0,1.2,1.2,1.2,0,0,0,1,1,1,1,2.22152998685417e-17,1,4126200612866.23
1.2,0,400,0,1.2,1.2,1.2,0,0,0,1,1,1,1,2.22152998685417e-17,1,4126200612866.23
1.2,0,600,0,1.2,1.2,1.2,0,0,0,1,1,1,1,2.22152998685417e-17,1,4126200612866.23
1.2,0,800,0,1.2,1.2,1.2,0,0,0,1,1,1,1,2.22152998685417e-17,1,4126200612866.23
1.2,0,1000,0,1.2,1.2,1.2,0,0,0,1,1,1,1,2.22152998685417e-17,1,4126200612866.23
1.2,0.05,0,0,1.2,1.2,1.2,0,0,0,1,1,1,1,3.46944695195361e-17,1,4126200612866.28
1.2,0.05,200,0.00020943951023932,1.2,1.2,1.2,0,0,0,1,1,1,0.999999991006638,1.83351205837231e-05,1,49.273684958299
1.2,0.05,400,0.000418879020478639,1.2,1.2,1.2,0,0,0,1,1,1,0.999999964118022,3.70232325396383e-05,1,24.0565088599612
1.2,0.05,600,0.000628318530717959,1.2,1.2,1.2,0,0,0,1,1,1,0.999999919697253,5.52169645491334e-05,1,15.9137054776473
1.2,0.05,800,0.000837758040957278,1.2,1.2,1.2,0,0,0,1,1,1,0.999999858057092,7.33278241770618e-05,1,11.8260066682756
1.2,0.05,1000,0.0010471975511966,1.2,1.2,1.2,0,0,0,1,1,1,0.999999779422782,9.14991844140628e-05,1,9.35559222848002
1.2,0.1,0,0,1.2,1.2,1.2,0,0,0,1,1,1,1,3.94053425015214e-17,1,4126200612866.2
1.2,0.1,200,0.000418879020478639,1.2,1.2,1.2,0,0,0,1,1,1,0.999999964115138,3.70270280284029e-05,1,24.0539497846161
1.2,0.1,400,0.000837758040957278,1.2,1.2,1.2,0,0,0,1,1,1,0.999999858015556,7.33573224779164e-05,1,11.8209044206776
1.2,0.1,600,0.00125663706143592,1.2,1.2,1.2,0,0,0,1,1,1,0.999999683821378,0.00010966416106601,1,7.70699326312903
1.2,0.1,800,0.00167551608191456,1.2,1.2,1.2,0,0,0,1,1,1,0.999999442530569,0.000145744441508144,1,5.65721727413851
1.2,0.1,1000,0.0020943951023932,1.2,1.2,1.2,0,0,0,1,1,1,0.999999135992489,0.000181437908579619,1,4.43367519873537
1.2,0.2,0,0,1.2,1.2,1.2,0,0,0,1,1,1,1,6.84281899314271e-17,1,4126200612866.06
1.2,0.2,200,0.000837758040957278,1.2,1.2,1.2,0,0,0,1,1,1,0.999999858005168,7.33647005620793e-05,1,11.8196289058344
1.2,0.2,400,0.00167551608191456,1.2,1.2,1.2,0,0,0,1,1,1,0.999999442389822,0.000145802975755832,1,5.65462842451836
1.2,0.2,600,0.00251327412287183,1.2,1.2,1.2,0,0,0,1,1,1,0.999998766477491,0.0002171100311895,1,3.61399695069822
1.2,0.2,800,0.00335103216382911,1.2,1.2,1.2,0,0,0,1,1,1,0.999997844014531,0.000288394216433999,1,2.59056097848097
1.2,0.2,1000,0.00418879020478639,1.2,1.2,1.2,0,0,0,1,1,1,0.99999668331761,0.000359516676609424,1,1.9867320826791
1.2,0.3,0,0,1.2,1.2,1.2,0,0,0,1,1,1,1,3.46944695195361e-17,1,4126200612866.28
1.2,0.3,200,0.00125663706143592,1.2,1.2,1.2,0,0,0,1,1,1,0.999999683764399,0.000109693471850354,1,7.70471366148967
1.2,0.3,400,0.00251327412287183,1.2,1.2,1.2,0,0,0,1,1,1,0.999998766372546,0.000217146698116682,1,3.61325477013516
1.2,0.3,600,0.00376991118430775,1.2,1.2,1.2,0,0,0,1,1,1,0.999997292849147,0.000324101078165581,1,2.25252407359175
1.2,0.3,800,0.00502654824574367,1.2,1.2,1.2,0,0,0,1,1,1,0.999995293039694,0.00043075225720324,1,1.41341673286831
1.2,0.3,1000,0.00628318530717959,1.2,1.2,1.2,0,0,0,1,1,1,0.999992787500134,0.000532767376404014,1,0.864840248566693
1.2,0.5,0,0,1.2,1.2,1.2,0,0,0,1,1,1,1,3.62220895948012e-17,1,4126200612866.23
1.2,0.5,200,0.0020943951023932,1.2,1.2,1.2,0,0,0,1,1,1,0.999999135600059,0.000181583256850593,1,4.4295004452056
1.2,0.5,400,0.00418879020478639,1.2,1.2,1.2,0,0,0,1,1,1,0.999996682580772,0.000359775396643625,1,1.98484655846217
1.2,0.5,600,0.00628318530717959,1.2,1.2,1.2,0,0,0,1,1,1,0.999992786881606,0.000532914840838404,1,0.864356754595189
1.2,0.5,800,0.00837758040957278,1.2,1.2,1.2,0,0,0,1,1,1,0.999987808450835,0.000677965349575112,1,0.405502554992667
1.2,0.5,1000,0.010471975511966,1.2,1.2,1.2,0,0,0,1,1,1,0.999981439078587,0.000825633697720301,1,0.139387614746946
1.2,0.7,0,0,1.2,1.2,1.2,0,0,0,1,1,1,1,4.34720457067525e-17,1,4126200612866.25
1.2,0.7,200,0.00293215314335047,1.2,1.2,1.2,0,0,0,1,1,1,0.999998334938098,0.000252866256571723,1,3.02602421421248
1.2,0.7,400,0.00586430628670095,1.2,1.2,1.2,0,0,0,1,1,1,0.99999367838966,0.000501678234737913,1,1.00628973957126
1.2,0.7,600,0.00879645943005142,1.2,1.2,1.2,0,0,0,1,1,1,0.999986678155286,0.000708169951668706,1,0.339917815328276
1.2,0.7,800,0.0117286125734019,1.2,1.2,1.2,0,0,0,1,1,1,0.999976735991895,0.00090684877090057,1,0.036898645148324
1.2,0.7,1000,0.0146607657167524,1.2,1.2,1,0,0,-0.2,1,1,0,0.999963954797986,0.000956442633216859,2,0
1.2,1,0,0,1.2,1.2,1.2,0,0,0,1,1,1,1,3.62220895948012e-17,1,4126200612866.23
1.2,1,200,0.00418879020478639,1.2,1.2,1.2,0,0,0,1,1,1,0.999996682475395,0.000359812385169445,1,1.98457724251341
1.2,1,400,0.00837758040957278,1.2,1.2,1.2,0,0,0,1,1,1,0.999987809576829,0.000678157150352932,1,0.405219961133469
1.2,1,600,0.0125663706143592,1.2,1.2,1,0,0,-0.2,1,1,0,0.99997328002377,0.00094330130005637,2,0
1.2,1,800,0.0167551608191456,1.2,1.2,1,0,0,-0.2,1,1,0,0.999953737672343,0.000979856037185689,2,0
1.2,1,1000,0.020943951023932,1.2,1.2,1,0,0,-0.2,1,1,0,0.999929007974951,0.00118164348650416,2,0
1.4,0,0,0,1.4,1.4,1.4,0,0,0,1,1,1,1,7.66425882286152e-17,1,4126200612866.16
1.4,0,200,0,1.4,1.4,1.4,0,0,0,1,1,1,1,7.66425882286152e-17,1,4126200612866.16
1.4,0,400,0,1.4,1.4,1.4,0,0,0,1,1,1,1,7.66425882286152e-17,1,4126200612866.16
1.4,0,600,0,1.4,1.4,1.4,0,0,0,1,1,1,1,7.66425882286152e-17,1,4126200612866.16
1.4,0,800,0,1.4,1.4,1.4,0,0,0,1,1,1,1,7.66425882286152e-17,1,4126200612866.16
1.4,0,1000,0,1.4,1.4,1.4,0,0,0,1,1,1,1,7.66425882286152e-17,1,4126200612866.16
1.4,0.05,0,0,1.4,1.4,1.4,0,0,0,1,1,1,1,3.73670872517614e-17,1,4126200612866.26
1.4,0.05,200,0.00020943951023932,1.4,1.4,1.4,0,0,0,1,1,1,0.999999990153881,3.92986395140862e-05,1,22.143978181523
1.4,0.05,400,0.000418879020478639,1.4,1.4,1.4,0,0,0,1,1,1,0.99999996082063,7.75258761875768e-05,1,10.6701074459897
1.4,0.05,600,0.000628318530717959,1.4,1.4,1.4,0,0,0,1,1,1,0.999999912480569,0.000114819621778158,1,6.85031359431105
1.4,0.05,800,0.000837758040957278,1.4,1.4,1.4,0,0,0,1,1,1,0.999999845194087,0.000151194035699528,1,4.94816396282487
1.4,0.05,1000,0.0010471975511966,1.4,1.4,1.4,0,0,0,1,1,1,0.999999759322929,0.000186948479147033,1,3.80700085815114
1.4,0.1,0,0,1.4,1.4,1.4,0,0,0,1,1,1,1,3.67171752872013e-17,1,4126200612866.31
1.4,0.1,200,0.000418879020478639,1.4,1.4,1.4,0,0,0,1,1,1,0.999999960814089,7.75408008526587e-05,1,10.667862862369
1.4,0.1,400,0.000837758040957278,1.4,1.4,1.4,0,0,0,1,1,1,0.999999845093103,0.000151305757040902,1,4.94383253810519
1.4,0.1,600,0.00125663706143592,1.4,1.4,1.4,0,0,0,1,1,1,0.999999654815902,0.000222342610781425,1,3.04359488550952
1.4,0.1,800,0.00167551608191456,1.4,1.4,1.4,0,0,0,1,1,1,0.999999392770852,0.00029072970905446,1,2.10568066751883
1.4,0.1,1000,0.0020943951023932,1.4,1.4,1.4,0,0,0,1,1,1,0.999999060389967,0.000356992364181032,1,1.54910002151378
1.4,0.2,0,0,1.4,1.4,1.4,0,0,0,1,1,1,1,3.68807269888147e-17,1,4126200612866.21
1.4,0.2,200,0.000837758040957278,1.4,1.4,1.4,0,0,0,1,1,1,0.999999845067833,0.000151333696234573,1,4.94275034520356
1.4,0.2,400,0.00167551608191456,1.4,1.4,1.4,0,0,0,1,1,1,0.999999392402193,0.00029092923314162,1,2.10369982798604
1.4,0.2,600,0.00251327412287183,1.4,1.4,1.4,0,0,0,1,1,1,0.999998658376581,0.000421685503748287,1,1.18375521451614
1.4,0.2,800,0.00335103216382911,1.4,1.4,1.4,0,0,0,1,1,1,0.999997657473239,0.000544913593213349,1,0.746605697289264
1.4,0.2,1000,0.00418879020478639,1.4,1.4,1.4,0,0,0,1,1,1,0.99999651358577,0.000628482076433228,1,0.561834875331831
1.4,0.3,0,0,1.4,1.4,1.4,0,0,0,1,1,1,1,3.73670872517614e-17,1,4126200612866.26
1.4,0.3,200,0.00125663706143592,1.4,1.4,1.4,0,0,0,1,1,1,0.999999654671706,0.000222448112190796,1,3.04174975965608
1.4,0.3,400,0.00251327412287183,1.4,1.4,1.4,0,0,0,1,1,1,0.999998658060464,0.000421798004952069,1,1.18326282660074
1.4,0.3,600,0.00376991118430775,1.4,1.4,1.4,0,0,0,1,1,1,0.999997097020839,0.000591702622818988,1,0.634915309152069
1.4,0.3,800,0.00502654824574367,1.4,1.4,1.4,0,0,0,1,1,1,0.999995185330676,0.0007056457514889,1,0.440049001865061
1.4,0.3,1000,0.00628318530717959,1.4,1.4,1.4,0,0,0,1,1,1,0.999992810744021,0.000826365521581394,1,0.307499537981176
1.4,0.5,0,0,1.4,1.4,1.4,0,0,0,1,1,1,1,2.96429677516722e-17,1,4126200612866.25
1.4,0.5,200,0.0020943951023932,1.4,1.4,1.4,0,0,0,1,1,1,0.999999059282415,0.000357465437458932,1,1.54609503110897
1.4,0.5,400,0.00418879020478639,1.4,1.4,1.4,0,0,0,1,1,1,0.999996511950932,0.000628790288026846,1,0.56143123120573
1.4,0.5,600,0.00628318530717959,1.4,1.4,1.4,0,0,0,1,1,1,0.999992809126479,0.000826758733614209,1,0.307281625534638
1.4,0.5,800,0.00837758040957278,1.4,1.4,1.4,0,0,0,1,1,1,0.999988317636669,0.000968199370662626,1,0.198874340879762
1.4,0.5,1000,0.010471975511966,1.4,1.4,1.4,0,0,0,1,1,1,0.999982611488487,0.00103907478034902,1,0.144636982099073
1.4,0.7,0,0,1.4,1.4,1.4,0,0,0,1,1,1,1,3.41700896806661e-17,1,4126200612866.21
1.4,0.7,200,0.00293215314335047,1.4,1.4,1.4,0,0,0,1,1,1,0.999998189766118,0.000484410838337143,1,0.930121368409655
1.4,0.7,400,0.00586430628670095,1.4,1.4,1.4,0,0,0,1,1,1,0.99999365108878,0.000785958669116825,1,0.345719797958949
1.4,0.7,600,0.00879645943005142,1.4,1.4,1.4,0,0,0,1,1,1,0.999987322270085,0.00098435089232767,1,0.18659010334267
1.4,0.7,800,0.0117286125734019,1.4,1.4,1.4,0,0,0,1,1,1,0.999978220263635,0.00106715731157754,1,0.119999629878774
1.4,0.7,1000,0.0146607657167524,1.4,1.4,1.4,0,0,0,1,1,1,0.999965729645072,0.00127435399746504,1,0.0413445159110262
1.4,1,0,0,1.4,1.4,1.4,0,0,0,1,1,1,1,2.96429677516722e-17,1,4126200612866.25
1.4,1,200,0.00418879020478639,1.4,1.4,1.4,0,0,0,1,1,1,0.999996511716538,0.000628834355269051,1,0.561373545341829
1.4,1,400,0.00837758040957278,1.4,1.4,1.4,0,0,0,1,1,1,0.999988318655651,0.00096814831690624,1,0.198933679719792
1.4,1,600,0.0125663706143592,1.4,1.4,1.4,0,0,0,1,1,1,0.999974892100823,0.00109775596127128,1,0.103829117005779
1.4,1,800,0.0167551608191456,1.4,1.4,1.2,0,0,-0.2,1,1,0,0.999956206314356,0.00141327472592165,2,0
1.4,1,1000,0.020943951023932,1.4,1.4,1.2,0,0,-0.2,1,1,0,0.999933873358512,0.00156395840078119,2,0
