scenario,num_revs_high,method,target_snr_db,freq_error_mean_Hz,freq_error_median_Hz,freq_error_p90_Hz,freq_error_std_Hz,amp_error_mean_mm,rmse_mean,elapsed_mean_s,gap_error_mean_mm,success_rate,boundary_hit_rate,num_trials
integer_500_1300,2,A_blind_transfer,10,1.11368740029922,1.04965513224883,1.33038410285168,0.260825901772242,0.014518811276365,0.00437046964913184,0.634399733333333,NaN,0.333333333333333,0,3
integer_500_1300,2,A4_sensorcv_alias,10,1.11368740029922,1.04965513224883,1.33038410285168,0.260825901772242,0.014518811276365,0.00437046964913184,1.3489906,NaN,0.333333333333333,0,3
integer_500_1300,2,A2_constrained_varpro,10,25.307683551526,0.942854541268076,59.7741240369203,42.58673671772,0.0150989244538096,0.00489740578928373,0.416887333333333,NaN,0.666666666666667,0.333333333333333,3
integer_500_1300,2,A3_physics_template,10,75.0243446760819,74.5003920639539,134.565937662174,74.2973887048276,0.01600894659216,0.00489979909417744,0.765457666666667,NaN,0.333333333333333,0.666666666666667,3
integer_500_1300,2,B_gap_library_joint,10,0.682943992428894,0.69268285361386,0.89443657050399,0.266933714096291,0.00940096390143598,0.00497018567370604,0.151962633333333,0.00678548630141507,1,0,3
integer_500_1300,2,C_same_gap_direct,10,0.67818648812091,0.63694543407891,0.759899947962862,0.0985325025216891,0.0119640755460584,0.0049798191613259,0.0859515333333333,0,1,0,3
integer_500_1300,4,A_blind_transfer,10,0.269327966717242,0.318887117107437,0.406389888685356,0.188663955124562,0.0157437167986047,0.0053815991105858,0.9407834,NaN,1,0,3
integer_500_1300,4,A4_sensorcv_alias,10,0.269327966717242,0.318887117107437,0.406389888685356,0.188663955124562,0.0157437167986047,0.0053815991105858,1.68002013333333,NaN,1,0,3
integer_500_1300,4,A2_constrained_varpro,10,0.262666027329156,0.26685620722057,0.398754818517722,0.171196997498454,0.0109712520743774,0.0056176850574207,0.633400366666667,NaN,1,0,3
integer_500_1300,4,A3_physics_template,10,0.279762637198994,0.28499758779455,0.41990397707263,0.176543633000169,0.0112246673119129,0.00562601730247426,1.04553186666667,NaN,1,0,3
integer_500_1300,4,B_gap_library_joint,10,0.269189770057295,0.293312906295142,0.379167145008847,0.145015214966089,0.0118783377963169,0.00566716689554891,0.173004733333333,0.00706880620430754,1,0,3
integer_500_1300,4,C_same_gap_direct,10,0.281493478433674,0.321331081574669,0.393805306321531,0.154256778107641,0.0108435942954329,0.00566670144441079,0.115478533333333,0,1,0,3
integer_500_1300,8,A_blind_transfer,10,0.29163781235394,0.269637562050633,0.322993230535957,0.0387079844192725,0.0094429680995729,0.00571666937652473,1.8312442,NaN,1,0,3
integer_500_1300,8,A4_sensorcv_alias,10,0.29163781235394,0.269637562050633,0.322993230535957,0.0387079844192725,0.0094429680995729,0.00571666937652473,2.59969123333333,NaN,1,0,3
integer_500_1300,8,A2_constrained_varpro,10,0.106064106280191,0.121211208296273,0.12455114466805,0.0299240354549314,0.00610355069819601,0.00585179673630987,0.818073266666667,NaN,1,0,3
integer_500_1300,8,A3_physics_template,10,0.109049609179105,0.117668973983086,0.131661364541083,0.0313220085783288,0.00630032563448893,0.00585260256676726,1.3239794,NaN,1,0,3
integer_500_1300,8,B_gap_library_joint,10,0.105249952927532,0.106815305677969,0.134099288116886,0.0364782055339168,0.00589454282809806,0.00588691735404102,0.314280133333333,0.00709963619418282,1,0,3
integer_500_1300,8,C_same_gap_direct,10,0.104113391987208,0.11231253800338,0.114479920203894,0.0166029504288889,0.0054418929783512,0.0058819827240811,0.1497753,0,1,0,3
integer_500_1300,20,A_blind_transfer,10,0.0962921194942415,0.111752285020032,0.123892207114739,0.0406343123811119,0.0100257742540271,0.00600221407202038,4.20495056666667,NaN,1,0,3
integer_500_1300,20,A4_sensorcv_alias,10,0.0962921194942415,0.111752285020032,0.123892207114739,0.0406343123811119,0.0100257742540271,0.00600221407202038,5.75739913333333,NaN,1,0,3
integer_500_1300,20,A2_constrained_varpro,10,0.0256577039542189,0.0257481368026617,0.0359275455698878,0.0128601487060749,0.00482546811112204,0.00600546131344458,1.70179393333333,NaN,1,0,3
integer_500_1300,20,A3_physics_template,10,0.0254490198600195,0.0248165778949101,0.0348790462827878,0.0116423131583791,0.00485243961116455,0.00600723070623158,2.50457693333333,NaN,1,0,3
integer_500_1300,20,B_gap_library_joint,10,0.0235542123652503,0.023156810075335,0.0321689971212493,0.0106746798238097,0.00585835037495396,0.00603804304056746,0.685435433333333,0.00737175952980214,1,0,3
integer_500_1300,20,C_same_gap_direct,10,0.0229193239922078,0.0248261319263747,0.0324327282645527,0.0124782079622151,0.00376703267707134,0.00603612900905239,0.363951733333333,0,1,0,3
noninteger_520_1270,2,A_blind_transfer,10,1.91200133751829,1.19783662484326,3.69748797001018,2.1444427229205,0.01578275763992,0.00437924434456771,0.717318933333333,NaN,0.333333333333333,0,3
noninteger_520_1270,2,A4_sensorcv_alias,10,9.00254814846892,4.32240080630191,18.8400346531807,11.8420431723965,0.0208711968249986,0.00447578236320258,1.40726306666667,NaN,0.333333333333333,0,3
noninteger_520_1270,2,A2_constrained_varpro,10,1.8002383958764,2.49549992804594,2.49616192493021,1.20494500194996,0.0243849128302647,0.00493611401438801,0.628078466666667,NaN,0.333333333333333,0,3
noninteger_520_1270,2,A3_physics_template,10,0.604032850520089,0.385685844697662,0.97321846837757,0.44868733285778,0.0144083072669209,0.00486701546986689,0.999374066666667,NaN,0.666666666666667,0,3
noninteger_520_1270,2,B_gap_library_joint,10,0.626400489119457,0.447455599947716,1.01012660323017,0.461706180266009,0.0146856667928804,0.00494670169876487,0.1446876,0.00771125758043338,0.666666666666667,0,3
noninteger_520_1270,2,C_same_gap_direct,10,0.671507726301021,0.535905941766714,0.94857256315795,0.33377202212592,0.0158650430250991,0.00494966287540098,0.0740151,0,0.666666666666667,0,3
noninteger_520_1270,4,A_blind_transfer,10,8.98069850822708,1.28388501901287,20.1350045892505,13.7433385254393,0.0244189819370957,0.00513560236492929,1.11967486666667,NaN,0.333333333333333,0,3
noninteger_520_1270,4,A4_sensorcv_alias,10,8.7289164713798,1.28388501901287,19.530727700817,13.3073060658904,0.0186277517927527,0.00517224782412148,2.12055363333333,NaN,0.333333333333333,0,3
noninteger_520_1270,4,A2_constrained_varpro,10,16.7481700229202,25.0001313620774,25.0034863390084,14.2964483243519,0.0392469838898055,0.00557708786622468,0.975070833333333,NaN,0.333333333333333,0,3
noninteger_520_1270,4,A3_physics_template,10,16.7458972061553,25.0001350296226,25.0031759070007,14.3000512606223,0.0388981647727747,0.00558393530601404,1.35947806666667,NaN,0.333333333333333,0,3
noninteger_520_1270,4,B_gap_library_joint,10,0.210603260489393,0.258169489321233,0.306165956004213,0.137653184990075,0.00734966561550365,0.00544028167644307,0.2181604,0.00776508548017696,1,0,3
noninteger_520_1270,4,C_same_gap_direct,10,0.213307186027407,0.232209839663142,0.303884407841383,0.119077800300099,0.00712828447685066,0.00543631113549564,0.156623666666667,0,1,0,3
noninteger_520_1270,8,A_blind_transfer,10,0.444561188366019,0.154862373532524,0.884199517366051,0.539064567247558,0.0155243954389575,0.00580170492544123,2.2109466,NaN,0.666666666666667,0,3
noninteger_520_1270,8,A4_sensorcv_alias,10,24.9426036387557,24.9395990465682,44.7745994062468,24.7892436978818,0.0339795541828203,0.00602268603884968,2.7480828,NaN,0.333333333333333,0,3
noninteger_520_1270,8,A2_constrained_varpro,10,25.0048386206443,25.0051314177317,25.0068027271934,0.00254101606061915,0.0530985520376709,0.00615541529242309,1.60879836666667,NaN,0,0,3
noninteger_520_1270,8,A3_physics_template,10,25.0049135722685,25.0051934979776,25.0069144618815,0.00258249691146574,0.0531917921296508,0.00615723770445189,1.9775819,NaN,0,0,3
noninteger_520_1270,8,B_gap_library_joint,10,0.116896279487833,0.136616699973786,0.158475962433715,0.0594122640719668,0.00913510626059503,0.00587567897666898,0.4200467,0.00674943748649259,1,0,3
noninteger_520_1270,8,C_same_gap_direct,10,0.114574808768642,0.148370136984852,0.151984870294802,0.0624891417485709,0.00892528479973496,0.00587530940456349,0.218041733333333,0,1,0,3
noninteger_520_1270,20,A_blind_transfer,10,41.6668126092309,24.9717411354279,65.1087245020437,28.9912349190763,0.035006840882946,0.00637644901403268,4.33713643333333,NaN,0,0,3
noninteger_520_1270,20,A4_sensorcv_alias,10,41.7353629410159,45.3114485303967,53.0100571609879,15.3040231739635,0.0719068950004297,0.00650248481982447,4.83656766666667,NaN,0,0,3
noninteger_520_1270,20,A2_constrained_varpro,10,25.0108522771581,25.0095118769465,25.0139540470721,0.00372747426173252,0.0546827375070618,0.00632695806287785,2.6387913,NaN,0,0,3
noninteger_520_1270,20,A3_physics_template,10,25.0107497126901,25.0092546271695,25.0139308710127,0.00382828142454374,0.0546811353750702,0.00632734163284502,3.26349256666667,NaN,0,0,3
noninteger_520_1270,20,B_gap_library_joint,10,0.0330361123094652,0.0291452530678953,0.049108364198014,0.0194122827331374,0.00426825628972659,0.00605622310734595,0.6882173,0.00625025781202981,1,0,3
noninteger_520_1270,20,C_same_gap_direct,10,0.034008859427748,0.0296398458390286,0.0536114817371981,0.0237148113519378,0.00415275765085311,0.00605603760813844,0.402197766666667,0,1,0,3
