method,target_snr_db,measured_snr_db,noise_ratio,repeat_id,seed,g_used_mm,gap_error_mm,f1_Hz,f2_Hz,A1_mm,A2_mm,mean_freq_error_Hz,mean_amp_error_mm,rmse,elapsed_s
A_blind_transfer,50,49.9505840845708,0.000525432124279254,1,20261431,NaN,NaN,499.999861496773,1300.00078444936,0.249864346225167,0.150155016257483,0.000461476294390195,0.000145335016158307,6.75219764148532e-05,1.4636431
B_gap_library_joint,50,49.9505840845708,0.000525432124279254,1,20261431,0.993279526342173,0.00672047365782724,500.000300371729,1300.00131265311,0.250207808075693,0.150284626515534,0.000806512418165539,0.000246217295613749,0.000187403454632797,1.8417512
C_same_gap_direct,50,49.9505840845708,0.000525432124279254,1,20261431,1,0,499.999807768811,1300.00073016836,0.249867966957911,0.150127654226614,0.000461199774605348,0.000129843634351715,5.86411572581142e-05,0.3051653
A_blind_transfer,50,50.0025743399896,0.000525432124279254,2,20261432,NaN,NaN,499.998465360414,1300.00075322084,0.250021939356449,0.150097688735158,0.00114393021553383,5.98140458038937e-05,6.68039046628926e-05,0.3748519
B_gap_library_joint,50,50.0025743399896,0.000525432124279254,2,20261432,0.993247323972786,0.00675267602721352,499.999014867355,1300.00136433421,0.250342991314516,0.150300591720896,0.00117473342990593,0.000321791517705533,0.0001876052508738,1.7587086
C_same_gap_direct,50,50.0025743399896,0.000525432124279254,2,20261432,1,0,499.998399299312,1300.00074879133,0.250028847112129,0.150112278315995,0.00117474600691025,7.05627140615978e-05,5.79771351988124e-05,0.3141944
A_blind_transfer,40,40.011900554456,0.0016615622685431,1,20262431,NaN,NaN,500.001156063422,1300.00070637418,0.249714932086843,0.150208190622959,0.000931218801923706,0.00024662926805849,0.000184088742409059,0.3936586
B_gap_library_joint,40,40.011900554456,0.0016615622685431,1,20262431,0.993227465455493,0.0067725345445071,500.001941806642,1300.00088415708,0.2500811857503,0.150398746074936,0.00141298186281347,0.000239965912618406,0.000258518548215619,1.7960689
C_same_gap_direct,40,40.011900554456,0.0016615622685431,1,20262431,1,0,500.000854533355,1300.00040404553,0.249658504606422,0.15023641474121,0.000629289444930237,0.000288955067394125,0.000186858415972888,0.3183939
A_blind_transfer,40,39.9911751308919,0.0016615622685431,2,20262432,NaN,NaN,499.997016465189,1299.99741379907,0.24990066503684,0.150313325599874,0.00278486786845633,0.000206330281517078,0.000185518843750911,0.3829206
B_gap_library_joint,40,39.9911751308919,0.0016615622685431,2,20262432,0.99325366299103,0.00674633700897043,499.998137565628,1299.99740042984,0.250423751710842,0.150374697770461,0.00223100226460815,0.000399224740651433,0.000257882195557917,1.817953
C_same_gap_direct,40,39.9911751308919,0.0016615622685431,2,20262432,1,0,499.997121351415,1299.99719022017,0.250063447884184,0.1501767076509,0.00284421420576564,0.000120077767542012,0.000186995220228976,0.34904
A_blind_transfer,30,30.0285079842864,0.00525432124279254,1,20263431,NaN,NaN,500.010647716442,1299.97464261288,0.24901161780082,0.151226007405861,0.0180025517819615,0.00110719480252046,0.000566893357583994,0.3893703
B_gap_library_joint,30,30.0285079842864,0.00525432124279254,1,20263431,0.993362113587726,0.00663788641227381,500.009299153719,1299.97783036388,0.249401223778584,0.151209645767283,0.0157343949181268,0.000904210994349286,0.000607850757827145,1.9937364
C_same_gap_direct,30,30.0285079842864,0.00525432124279254,1,20263431,1,0,500.009187028134,1299.97659502794,0.249236991223584,0.150822252320249,0.0162960000975261,0.000792630548332715,0.000579898512549837,0.4140279
A_blind_transfer,30,29.9652990887161,0.00525432124279254,2,20263432,NaN,NaN,500.010196907483,1300.00172068528,0.251180523720315,0.149233445913302,0.00595879637987196,0.000973538903506696,0.000591963352636973,0.4454978
B_gap_library_joint,30,29.9652990887161,0.00525432124279254,2,20263432,0.993398241955046,0.00660175804495422,500.010460736603,1300.0017983719,0.251514751894187,0.149648324600335,0.00612955424901429,0.000933213646925821,0.000629431314437123,1.9422431
C_same_gap_direct,30,29.9652990887161,0.00525432124279254,2,20263432,1,0,500.010892599575,1300.00189649031,0.251521789951802,0.149054751548645,0.00639454494046277,0.00123351920157841,0.000606281131161335,0.3909748
A_blind_transfer,20,19.9671044274919,0.016615622685431,1,20264431,NaN,NaN,500.064311345398,1299.90327028767,0.25030291116133,0.150606163323014,0.0805205288627917,0.000454537242172148,0.00189370929418438,0.4168635
B_gap_library_joint,20,19.9671044274919,0.016615622685431,1,20264431,0.992564556488285,0.00743544351171477,500.031653132188,1299.9465064314,0.250095483180738,0.151577395824487,0.0425733503933827,0.000836439502612224,0.00191849091335069,2.0564106
C_same_gap_direct,20,19.9671044274919,0.016615622685431,1,20264431,1,0,500.033410166065,1299.94608020869,0.250050788006417,0.15094750762031,0.0436649786852286,0.000499147813363285,0.00191330090958589,0.4190351
A_blind_transfer,20,20.026880777307,0.016615622685431,2,20264432,NaN,NaN,500.009341374872,1299.91359418765,0.252127540200257,0.147764049607056,0.0478735936101486,0.00218174529660048,0.00185599119946972,0.4764023
B_gap_library_joint,20,20.026880777307,0.016615622685431,2,20264432,0.992666932764759,0.00733306723524108,500.018731112435,1299.93853233774,0.253316023230609,0.150802098569189,0.0400993873461459,0.00205906089989884,0.00190977913217147,2.162688
C_same_gap_direct,20,20.026880777307,0.016615622685431,2,20264432,1,0,500.015314622381,1299.93513410607,0.253194915208552,0.150604080739334,0.0400902581537252,0.00189949797394294,0.0018945610979652,0.4013965
A_blind_transfer,15,14.9667524652566,0.0295472197064776,1,20265431,NaN,NaN,500.127610014022,1299.99350880224,0.247537088813019,0.154018049300095,0.067050605893229,0.00324048024353832,0.00326710117049698,0.6650314
B_gap_library_joint,15,14.9667524652566,0.0295472197064776,1,20265431,0.992475840953322,0.00752415904667847,500.084569947585,1300.03448617237,0.243256273364656,0.151691143782131,0.0595280599783337,0.00421743520873763,0.00335791680779761,2.183739
C_same_gap_direct,15,14.9667524652566,0.0295472197064776,1,20265431,1,0,500.086621550811,1300.03881821874,0.243255567509027,0.152094037599086,0.0627198847773514,0.0044192350450295,0.00335497208051646,0.4376081
A_blind_transfer,15,15.00122184357,0.0295472197064776,2,20265432,NaN,NaN,499.909328191009,1300.06642297303,0.251490927919363,0.150757966252067,0.0785473910108294,0.00112444708571513,0.00327445651336777,0.4824928
B_gap_library_joint,15,15.00122184357,0.0295472197064776,2,20265432,0.993776961125014,0.00622303887498621,499.939109915148,1300.03676227985,0.247640284513449,0.153832061665162,0.0488261823502683,0.00309588857585677,0.0033405160419724,2.1874793
C_same_gap_direct,15,15.00122184357,0.0295472197064776,2,20265432,1,0,499.937041751897,1300.03086127877,0.246897106180082,0.153551814162099,0.0469097634375828,0.00332735399100881,0.00334077689083537,0.4206019
A_blind_transfer,10,10.0132880765217,0.0525432124279254,1,20266431,NaN,NaN,500.190556147059,1300.09350770284,0.242180731986623,0.16014985609668,0.142031924947588,0.0089845620550284,0.0056936119060912,0.6431857
B_gap_library_joint,10,10.0132880765217,0.0525432124279254,1,20266431,0.994717055885484,0.0052829441145158,500.029331170803,1300.14674535317,0.247426273171925,0.160070060370393,0.0880382619881175,0.00632189359923424,0.00577667291431804,2.307505
C_same_gap_direct,10,10.0132880765217,0.0525432124279254,1,20266431,1,0,500.011099916339,1300.14318121338,0.247528896045906,0.158094007927961,0.0771405648599455,0.00528255594102746,0.00576864045062786,0.4394895
A_blind_transfer,10,9.95638387586943,0.0525432124279254,2,20266432,NaN,NaN,500.016230700963,1300.24499354296,0.249176998982108,0.149451814932293,0.130612121960098,0.00068559304279954,0.00581468541951348,0.6685013
B_gap_library_joint,10,9.95638387586943,0.0525432124279254,2,20266432,0.992488004264764,0.00751199573523609,499.991874531483,1300.11690466485,0.251817103345126,0.155455179153252,0.0625150666859042,0.00363614124918898,0.00588582042550269,2.0663635
C_same_gap_direct,10,9.95638387586943,0.0525432124279254,2,20266432,1,0,499.990915058809,1300.13262059745,0.251723100096703,0.155022970530661,0.0708527693182646,0.0033730353136817,0.00588199155485946,0.3974005
