method,target_snr_db,measured_snr_db,noise_ratio,repeat_id,seed,g_used_mm,gap_error_mm,f1_Hz,f2_Hz,A1_mm,A2_mm,mean_freq_error_Hz,mean_amp_error_mm,rmse,elapsed_s,is_success,f1_boundary_hit,f2_boundary_hit,freq_boundary_hit,a2_eta_dynamic,a2_cond_dynamic
A_blind_transfer,20,19.9505840845708,0.016615622685431,1,20261431,NaN,NaN,499.979438278564,1300.06635733445,0.245287282140339,0.153486509815104,0.0434595279449184,0.00409961383738236,0.00180259032203123,3.8076925,1,0,0,0,NaN,NaN
A2_constrained_varpro,20,19.9505840845708,0.016615622685431,1,20261431,NaN,NaN,499.992191418969,1300.02537604129,0.24593074915238,0.153627013408237,0.0165923111604229,0.00384813212792881,0.0018343768232392,1.0954431,1,0,0,0,0.965583150664017,2.17151247885881
B_gap_library_joint,20,19.9505840845708,0.016615622685431,1,20261431,0.993907565180122,0.00609243481987787,499.986369354261,1300.0199544403,0.245626568799637,0.154621187196615,0.0167925430206139,0.00449730919848898,0.00185855968728812,0.5997639,1,0,0,0,NaN,NaN
C_same_gap_direct,20,19.9505840845708,0.016615622685431,1,20261431,1,0,499.987003081234,1300.01741951837,0.245851242904297,0.154197299477057,0.0152082185655047,0.0041730282863804,0.00185531123859784,0.2665461,1,0,0,0,NaN,NaN
A_blind_transfer,20,20.0025743399896,0.016615622685431,2,20261432,NaN,NaN,499.916347904085,1300.01140963403,0.248626751834449,0.154276247595138,0.047530864973055,0.00282474788034463,0.00181086812717031,2.6684822,1,0,0,0,NaN,NaN
A2_constrained_varpro,20,20.0025743399896,0.016615622685431,2,20261432,NaN,NaN,499.950281787319,1300.02382470593,0.250585723869807,0.153901169777979,0.0367714593079143,0.00224344682389299,0.00181905734159986,0.8171313,1,0,0,0,0.965435718580253,2.18258043250125
B_gap_library_joint,20,20.0025743399896,0.016615622685431,2,20261432,0.992941652341477,0.00705834765852309,499.950176580709,1300.0254217928,0.249768343465968,0.155428586357087,0.0376226060430156,0.00283012144555976,0.00183509740924324,0.4839235,1,0,0,0,NaN,NaN
C_same_gap_direct,20,20.0025743399896,0.016615622685431,2,20261432,1,0,499.948746620384,1300.01867684957,0.250807673651392,0.153975489775733,0.0349651145951384,0.00239158171356255,0.00182982227464074,0.2587949,1,0,0,0,NaN,NaN
A_blind_transfer,20,20.0083827845062,0.016615622685431,3,20261433,NaN,NaN,500.008001742739,1300.04671245566,0.252118919452168,0.145012003777201,0.0273570992004011,0.00355345783748377,0.001812245585352,2.6364654,1,0,0,0,NaN,NaN
A2_constrained_varpro,20,20.0083827845062,0.016615622685431,3,20261433,NaN,NaN,500.013270303941,1300.0055500624,0.250586198565574,0.149534327695586,0.00941018317237763,0.000525935434994032,0.00183602694313523,0.85802,1,0,0,0,0.965323323366611,2.17810285831363
B_gap_library_joint,20,20.0083827845062,0.016615622685431,3,20261433,0.992584213629786,0.00741578637021356,500.016414899006,1300.00516598656,0.250966059755197,0.149422128985931,0.0107904427831329,0.000771965384633214,0.00185228373171256,0.4945312,1,0,0,0,NaN,NaN
C_same_gap_direct,20,20.0083827845062,0.016615622685431,3,20261433,1,0,500.013746574019,1300.01064977329,0.25032679776081,0.149552686968589,0.0121981736561736,0.000387055396110308,0.00185053239052736,0.2017749,1,0,0,0,NaN,NaN
A_blind_transfer,20,20.0059717701325,0.016615622685431,4,20261434,NaN,NaN,499.956415277244,1299.94229243685,0.254255078246247,0.147509808067477,0.050646142954264,0.00337263508938468,0.00182319926056395,2.8088211,1,0,0,0,NaN,NaN
A2_constrained_varpro,20,20.0059717701325,0.016615622685431,4,20261434,NaN,NaN,500.001616324443,1299.9828738873,0.254530348114794,0.148280816873801,0.00937121857344891,0.00312476562049673,0.00183966248201457,0.9018144,1,0,0,0,0.965751619355145,2.17320484577913
B_gap_library_joint,20,20.0059717701325,0.016615622685431,4,20261434,0.992893940391981,0.0071060596080188,500.007805546093,1299.98491596947,0.253660104091877,0.150448516789726,0.0114447883132129,0.00205431044080129,0.00186966310965558,0.4633109,1,0,0,0,NaN,NaN
C_same_gap_direct,20,20.0059717701325,0.016615622685431,4,20261434,1,0,500.00273583052,1299.99076217346,0.252708076273678,0.150896745415716,0.00598682852796628,0.00180241084469694,0.00186342685159164,0.2431336,1,0,0,0,NaN,NaN
A_blind_transfer,20,20.0578536997877,0.016615622685431,5,20261435,NaN,NaN,500.093307654931,1300.05319543338,0.249051395140318,0.149733418273095,0.0732515441552266,0.000607593293293615,0.0018549100453603,2.035735,1,0,0,0,NaN,NaN
A2_constrained_varpro,20,20.0578536997877,0.016615622685431,5,20261435,NaN,NaN,500.041061908261,1300.08124608345,0.248983099351018,0.147791569687994,0.0611539958572109,0.00161266548049369,0.00186174475515223,1.1627674,1,0,0,0,0.965452437065871,2.17853846817955
B_gap_library_joint,20,20.0578536997877,0.016615622685431,5,20261435,0.99351546415483,0.00648453584516973,500.04746629956,1300.0756548113,0.249029448999063,0.147895893940602,0.0615605554278034,0.00153732853016705,0.00188511710004048,0.4272122,1,0,0,0,NaN,NaN
C_same_gap_direct,20,20.0578536997877,0.016615622685431,5,20261435,1,0,500.044362297518,1300.07357380659,0.248424294491078,0.148326763417129,0.0589680520523075,0.00162447104589654,0.00187942701393261,0.1937723,1,0,0,0,NaN,NaN
A_blind_transfer,15,15.011900554456,0.0295472197064776,1,20262431,NaN,NaN,500.015377210852,1299.97488974876,0.246742797807103,0.143679708813049,0.0202437310479411,0.00478874668992404,0.00321877210796567,2.9670819,1,0,0,0,NaN,NaN
A2_constrained_varpro,15,15.011900554456,0.0295472197064776,1,20262431,NaN,NaN,500.021973162604,1299.99207711941,0.245211685355065,0.152930336731693,0.0149480215987978,0.00385932568831396,0.00327034246930241,1.1783249,1,0,0,0,0.965908864497358,2.16866243824094
B_gap_library_joint,15,15.011900554456,0.0295472197064776,1,20262431,0.992655295153986,0.00734470484601413,500.016882456403,1299.99887680444,0.244202707724233,0.156438040169558,0.00900282598044555,0.00611766622266244,0.00330964935668407,0.4190998,1,0,0,0,NaN,NaN
C_same_gap_direct,15,15.011900554456,0.0295472197064776,1,20262431,1,0,500.002966763199,1299.99843494173,0.242711867916863,0.155884830475229,0.00226591073544569,0.00658648127918267,0.00330478535959198,0.1734701,1,0,0,0,NaN,NaN
A_blind_transfer,15,14.9911751308919,0.0295472197064776,2,20262432,NaN,NaN,499.732807216543,1299.94876167799,0.250477724962847,0.14230718678369,0.159215552733343,0.00408526908957847,0.00322237929120375,2.5224196,1,0,0,0,NaN,NaN
A2_constrained_varpro,15,14.9911751308919,0.0295472197064776,2,20262432,NaN,NaN,499.962112156619,1299.9401937306,0.25182740059297,0.152055771007853,0.0488470563925603,0.00194158580041165,0.00328036469910578,1.025151,1,0,0,0,0.966079844346303,2.16596131864357
B_gap_library_joint,15,14.9911751308919,0.0295472197064776,2,20262432,0.993113196700331,0.00688680329966895,499.960262103885,1299.93622315697,0.250946302707219,0.154881917442781,0.0517573695722717,0.00291411007499991,0.0033233618084949,0.4604817,1,0,0,0,NaN,NaN
C_same_gap_direct,15,14.9911751308919,0.0295472197064776,2,20262432,1,0,499.949636783202,1299.94471954786,0.250460165579772,0.154254294194339,0.0528218344690572,0.00235722988705543,0.0033187439808474,0.2117717,1,0,0,0,NaN,NaN
A_blind_transfer,15,14.9890512164521,0.0295472197064776,3,20262433,NaN,NaN,500.192424270913,1300.24924003947,0.246226310396027,0.143296400742801,0.220832155190664,0.00523864443058622,0.00325535238380063,2.0383646,1,0,0,0,NaN,NaN
A2_constrained_varpro,15,14.9890512164521,0.0295472197064776,3,20262433,NaN,NaN,500.050713046081,1299.94782221436,0.248806230025162,0.144871755718546,0.0514454158583817,0.00316100712814607,0.00328069920113822,0.9183188,1,0,0,0,0.966089436690384,2.16149008958825
B_gap_library_joint,15,14.9890512164521,0.0295472197064776,3,20262433,0.99295680585383,0.00704319414617005,500.055257338284,1299.9425344034,0.246780439299774,0.148293163366873,0.0563614674443045,0.00246319866667635,0.00331661067851546,0.4212268,1,0,0,0,NaN,NaN
C_same_gap_direct,15,14.9890512164521,0.0295472197064776,3,20262433,1,0,500.05793735704,1299.96243479806,0.248025444636684,0.147262701645963,0.0477512794917345,0.00235592685867657,0.00330862322655098,0.2245512,1,0,0,0,NaN,NaN
A_blind_transfer,15,14.9925499358981,0.0295472197064776,4,20262434,NaN,NaN,500.139254493253,1300.13665429295,0.244850801878078,0.144956577281913,0.137954393102177,0.0050963104200043,0.00341001479018791,2.0813835,1,0,0,0,NaN,NaN
A2_constrained_varpro,15,14.9925499358981,0.0295472197064776,4,20262434,NaN,NaN,500.071994529592,1300.05017273374,0.249677379147366,0.150141916522158,0.0610836316659515,0.00023226868739612,0.0034237605750014,1.0623107,1,0,0,0,0.965882746460229,2.16689459336805
B_gap_library_joint,15,14.9925499358981,0.0295472197064776,4,20262434,0.993575883239006,0.00642411676099375,500.076328687633,1300.03890669452,0.248416888975657,0.151190928012099,0.0576176910786046,0.00138701951822108,0.00345545965196318,0.4692473,1,0,0,0,NaN,NaN
C_same_gap_direct,15,14.9925499358981,0.0295472197064776,4,20262434,1,0,500.078663857033,1300.04133770303,0.248118988181223,0.151099240279813,0.0600007800334197,0.00149012604929515,0.00344708683897936,0.2015554,1,0,0,0,NaN,NaN
A_blind_transfer,15,15.0170066474137,0.0295472197064776,5,20262435,NaN,NaN,500.085887688815,1300.21840136922,0.24758014354825,0.142350520834826,0.15214452901489,0.00503466780846208,0.00330529967265656,2.1543144,1,0,0,0,NaN,NaN
A2_constrained_varpro,15,15.0170066474137,0.0295472197064776,5,20262435,NaN,NaN,500.017321669589,1300.04231494233,0.248314401636601,0.149283260558906,0.0298183059594237,0.00120116890224645,0.00332130640599237,1.0969215,1,0,0,0,0.965867237460471,2.16757898724397
B_gap_library_joint,15,15.0170066474137,0.0295472197064776,5,20262435,0.99354607431131,0.00645392568868985,500.009768491718,1300.05154371219,0.247396852360598,0.152304894479367,0.0306561019523031,0.00245402105938435,0.00336184913970941,0.4448875,1,0,0,0,NaN,NaN
C_same_gap_direct,15,15.0170066474137,0.0295472197064776,5,20262435,1,0,500.013764836446,1300.0300553594,0.249796186814199,0.149093536669867,0.021910097923211,0.000555138257966811,0.00335857615497575,0.18256,1,0,0,0,NaN,NaN
A_blind_transfer,10,10.0285079842864,0.0525432124279254,1,20263431,NaN,NaN,500.040245638205,1299.66907811392,0.242313535462963,0.167889924131516,0.185583762141221,0.0127881943342767,0.00564685401708497,2.7385147,1,0,0,0,NaN,NaN
A2_constrained_varpro,10,10.0285079842864,0.0525432124279254,1,20263431,NaN,NaN,500.072255400821,1299.752457029,0.243833120403951,0.15554651769208,0.159899185907904,0.00585669864406443,0.00569210305545185,0.9829233,1,0,0,0,0.966244485654184,2.13395522605972
B_gap_library_joint,10,10.0285079842864,0.0525432124279254,1,20263431,0.994259625999046,0.00574037400095351,500.101021796962,1299.77460771816,0.240715366438255,0.161893789960245,0.163207039399367,0.0105892117609948,0.00572666262063157,0.3956837,1,0,0,0,NaN,NaN
C_same_gap_direct,10,10.0285079842864,0.0525432124279254,1,20263431,1,0,500.101719385947,1299.77238512172,0.242377305259258,0.159340262570786,0.164667132113578,0.00848147865576387,0.00572141045265792,0.2242221,1,0,0,0,NaN,NaN
A_blind_transfer,10,9.96529908871615,0.0525432124279254,2,20263432,NaN,NaN,500.156454218847,1299.69720016863,0.241797982465207,0.135296419093266,0.229627025109153,0.0114527992207633,0.00590438078568313,2.7713312,1,0,0,0,NaN,NaN
A2_constrained_varpro,10,9.96529908871615,0.0525432124279254,2,20263432,NaN,NaN,500.104249811836,1300.00586093012,0.262535182374472,0.143372230289302,0.0550553709764472,0.00958147604258534,0.0059464866669365,0.9511201,1,0,0,0,0.966025819610663,2.1668028164172
B_gap_library_joint,10,9.96529908871615,0.0525432124279254,2,20263432,0.99453858247595,0.00546141752404972,500.107671310562,1300.01382493503,0.258694719648343,0.147933718665566,0.0607481227966389,0.0053805004913887,0.00597974808652396,0.4082868,1,0,0,0,NaN,NaN
C_same_gap_direct,10,9.96529908871615,0.0525432124279254,2,20263432,1,0,500.120941402936,1300.02445065993,0.262337955330465,0.143505896914274,0.0726960314352425,0.00941602920809563,0.00598049316222777,0.2503545,1,0,0,0,NaN,NaN
A_blind_transfer,10,9.9349890872554,0.0525432124279254,3,20263433,NaN,NaN,500.209683325554,1299.75361314412,0.249255712581225,0.155979147430879,0.228035090717185,0.00336171742482677,0.00562885299475895,3.1196442,1,0,0,0,NaN,NaN
A2_constrained_varpro,10,9.9349890872554,0.0525432124279254,3,20263433,NaN,NaN,500.116303218604,1300.03674036956,0.252491283155114,0.142193793568453,0.0765217940826517,0.00514874479333043,0.00572184463689883,0.9598411,1,0,0,0,0.966026439468331,2.16499136540517
B_gap_library_joint,10,9.9349890872554,0.0525432124279254,3,20263433,0.993415321731284,0.00658467826871623,500.125255323382,1300.0497890257,0.251443312126716,0.140517215265819,0.0875221745435795,0.00546304843044869,0.0057644481376771,0.3803715,1,0,0,0,NaN,NaN
C_same_gap_direct,10,9.9349890872554,0.0525432124279254,3,20263433,1,0,500.117434631961,1300.03109581014,0.252739149179949,0.140655447299277,0.0742652210510073,0.00604185094033609,0.00576107069709046,0.1564905,1,0,0,0,NaN,NaN
A_blind_transfer,10,9.9447418747223,0.0525432124279254,4,20263434,NaN,NaN,499.600294263465,1300.31723750852,0.254323294953884,0.173183494871287,0.358471622528839,0.0137533949125856,0.00565372177515802,3.0080111,1,0,0,0,NaN,NaN
A2_constrained_varpro,10,9.9447418747223,0.0525432124279254,4,20263434,NaN,NaN,499.922478749852,1300.21847473527,0.239280113458617,0.160134241583118,0.147997992707758,0.0104270640622502,0.00579025249074407,0.9755054,1,0,0,0,0.966234763423792,2.165358859642
B_gap_library_joint,10,9.9447418747223,0.0525432124279254,4,20263434,0.993271344531682,0.00672865546831802,499.933525662987,1300.21709683342,0.23544976779311,0.165377964146426,0.141785585214734,0.0149640981766577,0.00582360854628555,0.3961258,1,0,0,0,NaN,NaN
C_same_gap_direct,10,9.9447418747223,0.0525432124279254,4,20263434,1,0,499.950755646935,1300.21045418169,0.239596019424225,0.159749038867006,0.129849267376358,0.0100765097213904,0.00582597610157715,0.1473939,1,0,0,0,NaN,NaN
A_blind_transfer,10,9.99247534366377,0.0525432124279254,5,20263435,NaN,NaN,500.324332972557,1299.85835482407,0.249043267281887,0.121003584690138,0.232989074242312,0.0149765740139871,0.0058132241284859,2.2366336,1,0,0,0,NaN,NaN
A2_constrained_varpro,10,9.99247534366377,0.0525432124279254,5,20263435,NaN,NaN,500.10219949414,1299.99727125156,0.24857247524015,0.139143597631066,0.0524641212898018,0.00614196356439238,0.00591813652336963,0.9619288,1,0,0,0,0.965987148781859,2.16188790684035
B_gap_library_joint,10,9.99247534366377,0.0525432124279254,5,20263435,0.991472296447626,0.0085277035523742,500.087507337824,1299.97473988357,0.247548101790932,0.13838849199169,0.0563837271256773,0.00703170310868904,0.00595560101213061,0.3849264,1,0,0,0,NaN,NaN
C_same_gap_direct,10,9.99247534366377,0.0525432124279254,5,20263435,1,0,500.079128236033,1299.98578189223,0.245784056665415,0.140942912836314,0.0466731719010056,0.00663651524913558,0.00595769967694598,0.1934306,1,0,0,0,NaN,NaN
A_blind_transfer,5,4.9671044274919,0.093436512797881,1,20264431,NaN,NaN,500.248828071062,1299.18945269982,0.252188260723892,0.145113487232738,0.529687685622463,0.00353738674557737,0.0101873688728247,2.0236496,1,0,0,0,NaN,NaN
A2_constrained_varpro,5,4.9671044274919,0.093436512797881,1,20264431,NaN,NaN,500.193688514323,1299.71283169715,0.255422035052203,0.157766457600894,0.240428408587832,0.00659424632654834,0.0105128146771734,0.9837923,1,0,0,0,0.9661703835002,2.12604575183542
B_gap_library_joint,5,4.9671044274919,0.093436512797881,1,20264431,0.989146844057518,0.0108531559424824,500.156455369514,1299.75173624727,0.251202947777393,0.155668506029771,0.202359561124382,0.0034357269035822,0.0105619667793454,0.3819526,1,0,0,0,NaN,NaN
C_same_gap_direct,5,4.9671044274919,0.093436512797881,1,20264431,1,0,500.163098374951,1299.74180721545,0.252091511328116,0.153428461658037,0.210645579750349,0.00275998649307639,0.0105661511784264,0.1915278,1,0,0,0,NaN,NaN
A_blind_transfer,5,5.02688077730701,0.093436512797881,2,20264432,NaN,NaN,500.353021356561,1299.18951983048,0.287595546618633,0.151148625026334,0.58175076304056,0.0193720858224834,0.0102639305468659,2.3192348,1,0,0,0,NaN,NaN
A2_constrained_varpro,5,5.02688077730701,0.093436512797881,2,20264432,NaN,NaN,500.009146826602,1249.97845804224,0.301284334667947,0.131109273911866,25.0153443921827,0.0350875303780406,0.0104447038125668,1.0800066,0,0,0,0,0.983282078560527,1.44062879233761
B_gap_library_joint,5,5.02688077730701,0.093436512797881,2,20264432,0.989957622465699,0.0100423775343013,500.089984893943,1299.65606438715,0.265176752338725,0.157494867381106,0.216960253394291,0.0113358098599158,0.0105244318695604,0.3790486,1,0,0,0,NaN,NaN
C_same_gap_direct,5,5.02688077730701,0.093436512797881,2,20264432,1,0,500.064975126122,1299.68322614116,0.266800360026991,0.153062450007017,0.190874492479679,0.00993140501700415,0.0105182684212595,0.2010494,1,0,0,0,NaN,NaN
A_blind_transfer,5,5.02851588991717,0.093436512797881,3,20264433,NaN,NaN,500.41478024888,1300.17254972084,0.271530999248494,0.13767528699745,0.293664984861977,0.016927856125522,0.0101381839580948,2.2307149,1,0,0,0,NaN,NaN
A2_constrained_varpro,5,5.02851588991717,0.093436512797881,3,20264433,NaN,NaN,500.207889461969,1299.8433713732,0.265069709196911,0.135109431594571,0.182259044384324,0.0149801388011699,0.0103822115840597,1.4701882,1,0,0,0,0.965981679773673,2.14131820825188
B_gap_library_joint,5,5.02851588991717,0.093436512797881,3,20264433,0.993218132702449,0.00678186729755126,500.218241481674,1299.90750029254,0.257643675280088,0.148736003240149,0.155370594568694,0.00445383601996968,0.0104396101267744,0.420459,1,0,0,0,NaN,NaN
C_same_gap_direct,5,5.02851588991717,0.093436512797881,3,20264433,1,0,500.250782416217,1299.88814507035,0.257198454484161,0.148656652336473,0.181318672933799,0.00427090107384415,0.0104350518228069,0.2433843,1,0,0,0,NaN,NaN
A_blind_transfer,5,4.97653409392898,0.093436512797881,4,20264434,NaN,NaN,499.724429650275,1299.55074632353,0.253374061326288,0.141018161485971,0.362412013095053,0.00617794992015876,0.00993099094206626,3.0181727,1,0,0,0,NaN,NaN
A2_constrained_varpro,5,4.97653409392898,0.093436512797881,4,20264434,NaN,NaN,499.8462915119,1299.92166250814,0.275761565799112,0.146423359759499,0.116022989977807,0.0146691030198064,0.0101940778083966,1.1274975,1,0,0,0,0.966537037840041,2.16031863188146
B_gap_library_joint,5,4.97653409392898,0.093436512797881,4,20264434,0.993054297787965,0.00694570221203528,499.849886090482,1299.96492094027,0.274451551929936,0.147458683060226,0.0925964846235274,0.0134964344348547,0.0102198962015468,0.4505937,1,0,0,0,NaN,NaN
C_same_gap_direct,5,4.97653409392898,0.093436512797881,4,20264434,1,0,499.853616898825,1299.92527083765,0.271879408969848,0.150236981227017,0.110556131760006,0.0110581950984325,0.0102184093826929,0.1938875,1,0,0,0,NaN,NaN
A_blind_transfer,5,5.06167559527336,0.093436512797881,5,20264435,NaN,NaN,499.782695308576,1250.32982691591,0.263805862472778,0.114201473120784,24.9437388877575,0.0248021946759971,0.00990444038254243,2.3362062,0,0,0,0,NaN,NaN
A2_constrained_varpro,5,5.06167559527336,0.093436512797881,5,20264435,NaN,NaN,499.963739640238,1299.99324339812,0.22999914444601,0.141964306708629,0.0215084808205575,0.0140182744226802,0.010077508930075,0.8293456,1,0,0,0,0.966247576265511,2.16456415697729
B_gap_library_joint,5,5.06167559527336,0.093436512797881,5,20264435,0.991385642833224,0.00861435716677583,499.958410563785,1300.0243603858,0.230943070548181,0.145792793695616,0.0329749110061073,0.0116320678781016,0.0101038002446205,0.4018516,1,0,0,0,NaN,NaN
C_same_gap_direct,5,5.06167559527336,0.093436512797881,5,20264435,1,0,499.944407363508,1300.04752778868,0.223193714824888,0.147844658950791,0.0515602125859118,0.0144808131121602,0.0101064841618207,0.2058991,1,0,0,0,NaN,NaN
A_blind_transfer,0,-0.0332475347433481,0.16615622685431,1,20265431,NaN,NaN,450.355909466303,1300.2935564116,0.384743366046434,0.181624621222009,24.9688234726486,0.0831839936342214,0.0181016226929628,2.517154,0,0,0,0,NaN,NaN
A2_constrained_varpro,0,-0.0332475347433481,0.16615622685431,1,20265431,NaN,NaN,400.000001821554,1150.3512665646,0.236356404616238,0.335988381145603,124.824365806922,0.0998159882646825,0.0185472507773888,1.3091726,0,1,0,1,0.732609822359028,5.70980051162144
B_gap_library_joint,0,-0.0332475347433481,0.16615622685431,1,20265431,0.989139059218386,0.0108609407816144,400,1101.00629159755,0.214258246815615,0.132576172886717,149.496854201224,0.0265827901488339,0.0186967754585874,0.4349638,0,1,1,1,NaN,NaN
C_same_gap_direct,0,-0.0332475347433481,0.16615622685431,1,20265431,1,0,400,1100.94956609706,0.206823195554725,0.139200330582548,149.525216951468,0.0269882369313637,0.0186998844711352,0.2472577,0,1,1,1,NaN,NaN
A_blind_transfer,0,0.00122184356995516,0.16615622685431,2,20265432,NaN,NaN,499.5671841914,1300.25863482735,0.266480979339556,0.168774666737105,0.345725317976502,0.0176278230383308,0.0176826836557861,3.0978945,1,0,0,0,NaN,NaN
A2_constrained_varpro,0,0.00122184356995516,0.16615622685431,2,20265432,NaN,NaN,499.56565308164,1300.25516525598,0.258524797653045,0.161968579608615,0.344756087169031,0.0102466886308298,0.0182025510245005,1.2536912,1,0,0,0,0.966955276435004,2.14822730392355
B_gap_library_joint,0,0.00122184356995516,0.16615622685431,2,20265432,0.995521499853465,0.00447850014653495,499.62601053185,1300.25044554787,0.250547662095934,0.17109630299923,0.312217508011287,0.010821982547582,0.0182968342445446,0.5016875,1,0,0,0,NaN,NaN
C_same_gap_direct,0,0.00122184356995516,0.16615622685431,2,20265432,1,0,499.600851107104,1300.26088491031,0.244244063891958,0.175669766923535,0.330016901601908,0.0157128515157886,0.0182993685534107,0.3003654,1,0,0,0,NaN,NaN
A_blind_transfer,0,-0.0431888092744925,0.16615622685431,3,20265433,NaN,NaN,500.23530191967,1300.35396543087,0.246357232544532,0.164070419279366,0.294633675269381,0.00885659336741701,0.0179605469920415,4.4663103,1,0,0,0,NaN,NaN
A2_constrained_varpro,0,-0.0431888092744925,0.16615622685431,3,20265433,NaN,NaN,500.10039927207,1300.27152470914,0.260606043146461,0.135405791474777,0.185961990604824,0.012600125835842,0.0183234948541624,1.0939883,1,0,0,0,0.965808171270099,2.16261961686133
B_gap_library_joint,0,-0.0431888092744925,0.16615622685431,3,20265433,0.982679848520765,0.0173201514792353,500.075942688099,1300.25758593318,0.256103408890497,0.145486018220581,0.166764310637575,0.0053086953349577,0.0183825946947993,0.4189538,1,0,0,0,NaN,NaN
C_same_gap_direct,0,-0.0431888092744925,0.16615622685431,3,20265433,1,0,500.161879447273,1300.25355266767,0.264799065699446,0.147130125996115,0.207716057470492,0.00883446985166587,0.0184026661752128,0.2502638,1,0,0,0,NaN,NaN
A_blind_transfer,0,0.00278404531364996,0.16615622685431,4,20265434,NaN,NaN,499.93183716882,1301.13287955629,0.262884061006382,0.160555635150956,0.600521193733584,0.0117198480786692,0.0181686444414746,2.6454858,1,0,0,0,NaN,NaN
A2_constrained_varpro,0,0.00278404531364996,0.16615622685431,4,20265434,NaN,NaN,499.917324900516,1301.34717925408,0.252037501831132,0.155192894270794,0.714927176779611,0.0036151980509628,0.0186319889167332,1.6419606,1,0,0,0,0.969047581310989,1.88326792731617
B_gap_library_joint,0,0.00278404531364996,0.16615622685431,4,20265434,0.990752430375913,0.0092475696240869,499.928434406211,1301.19938901562,0.256152738499748,0.174045452058814,0.635477304705859,0.015099095279281,0.0187111211073464,0.4125343,1,0,0,0,NaN,NaN
C_same_gap_direct,0,0.00278404531364996,0.16615622685431,4,20265434,1,0,499.972170615106,1301.21032135575,0.255198716693115,0.171408305706639,0.619075370320616,0.0133035111998769,0.0187028692600886,0.2000178,1,0,0,0,NaN,NaN
A_blind_transfer,0,0.014501462479028,0.16615622685431,5,20265435,NaN,NaN,500.00704094951,1298.91593834848,0.238640429609188,0.141437083104701,0.545551300513608,0.00996124364305566,0.0176364891214317,2.018325,1,0,0,0,NaN,NaN
A2_constrained_varpro,0,0.014501462479028,0.16615622685431,5,20265435,NaN,NaN,500.007720249195,1299.59498256168,0.243056359402733,0.151837988309401,0.206368843756792,0.00439081445333379,0.0180260307703704,1.1538206,1,0,0,0,0.966719135771245,2.10738638281531
B_gap_library_joint,0,0.014501462479028,0.16615622685431,5,20265435,0.990140418932734,0.00985958106726603,500.045614325736,1299.59197719118,0.24477625036928,0.145856078358997,0.226818567276354,0.00468383563586169,0.0180699853363009,0.5049685,1,0,0,0,NaN,NaN
C_same_gap_direct,0,0.014501462479028,0.16615622685431,5,20265435,1,0,500.037740745256,1299.49253558944,0.237809632100259,0.155840938110094,0.272602577908117,0.00901565300491761,0.0180703092271593,0.2244504,1,0,0,0,NaN,NaN
