case_name,sensors,fit_name,dmu_column_meaning,A_true_mm,A_est_mm,delta_A_mm,amp_error_percent,delta_phi_rad,delta_d0_mm,true_dg6_mm,true_dmu6_mm_per_mm,weighted_rmse_v,linear_rank,linear_cond,fit_dg6_mm,fit_dmu6_mm_per_mm,proj_dmu6_on_protected,dmu6_perp_norm_fraction
dg_clean,S136,linear_gap_only,none,0.371092574690059,0.371124689520537,3.21148304787151e-05,0.00865412909582949,0.000264770690552292,9.41003982569686e-05,0.05,0,0.000614791866684993,5,12.6131937217166,0.050020856804742,NaN,0.795460500623355,0.606005438876617
dg_clean,S136,linear_gap_tilt_raw,physical_dmu,0.371092574690059,0.370883431715129,-0.000209142974929837,-0.0563587064776265,-0.00409130666541401,-0.00140502744691342,0.05,0,0.000610307574896485,7,135.216596883686,0.0514030572394952,0.000372350964464047,0.795460500623355,0.606005438876617
dg_clean,S136,linear_gap_tilt_orth,orthogonal_residual_dmu,0.371092574690059,0.371124689520537,3.21148304787051e-05,0.00865412909582678,0.000264770690552314,9.410039825696e-05,0.05,0,0.000610307574896485,7,13.3694443349324,0.050020856804742,0.00037235096446404,0.795460500623355,0.606005438876617
dg_noise,S136,linear_gap_only,none,0.371092574690059,0.371501153601263,0.000408578911204847,0.11010161320153,0.00117361886426824,0.000573439170425495,0.05,0,0.0124583833008236,5,12.6131937217166,0.0499533805169389,NaN,0.795460500623355,0.606005438876617
dg_noise,S136,linear_gap_tilt_raw,physical_dmu,0.371092574690059,0.369149692304453,-0.00194288238560548,-0.523557332621974,-0.0422133867422404,-0.0143492428246158,0.05,0,0.0124404002547247,7,135.216596883686,0.0637495184795188,0.00363730947553791,0.795460500623355,0.606005438876617
dg_noise,S136,linear_gap_tilt_orth,orthogonal_residual_dmu,0.371092574690059,0.371501153601263,0.000408578911204857,0.110101613201533,0.00117361886426829,0.000573439170425503,0.05,0,0.0124404002547247,7,13.3694443349324,0.0499533805169389,0.0036373094755379,0.795460500623355,0.606005438876617
dg_dmu_noise,S136,linear_gap_only,none,0.371092574690059,0.392147523209417,0.0210549485193588,5.67377251806889,0.234008437719587,0.0817936310217263,0.03,0.03,0.0314736146547706,5,12.6131937217166,-0.0390928775013474,NaN,0.795460500623355,0.606005438876617
dg_dmu_noise,S136,linear_gap_tilt_raw,physical_dmu,0.371092574690059,0.370948633141102,-0.000143941548956141,-0.0387885823574787,-0.0143902864140901,-0.00496286567667461,0.03,0.03,0.0129144302072376,7,135.216596883686,0.0354949029335987,0.0315434979553179,0.795460500623355,0.606005438876617
dg_dmu_noise,S136,linear_gap_tilt_orth,orthogonal_residual_dmu,0.371092574690059,0.392147523209417,0.0210549485193589,5.67377251806891,0.234008437719587,0.0817936310217263,0.03,0.03,0.0129144302072376,7,13.3694443349324,-0.0390928775013473,0.0315434979553179,0.795460500623355,0.606005438876617
