case_name,sensors,model_name,A_policy,A_true_mm,A_reported_mm,amp_error_mm,amp_error_percent,fit_dg6_mm,fit_dmu6_mm_per_mm,weighted_rmse_v,baseline_gap_only_rmse_v,rmse_improvement_percent,linear_delta_A_mm
noise_only,S136,stage1_gap_fixed_tilt,main,0.371092574690059,0.371119959647016,2.73849569576989e-05,0.0073795486154826,-0.000304443585000891,NaN,0.0124774457773764,0.0124774457773764,0,NaN
noise_only,S136,current_gap_tilt_independent,diagnostic_unprotected,0.371092574690059,0.370591683246961,-0.000500891443098062,-0.134977490055254,0.00147152159048331,0.00069277862507897,0.0124811961021939,0.0124774457773764,-0.0300568312169233,NaN
noise_only,S136,stage2_raw_dmu_A_locked,A_locked_raw,0.371092574690059,0.371119959647016,2.73849569576989e-05,0.0073795486154826,-0.000304443585000891,3.01966574669085e-05,0.0124773578213505,0.0124774457773764,0.000704920121186898,0
noise_only,S136,stage2_gaporth_dmu_A_locked,A_locked_gap_orthogonal,0.371092574690059,0.371119959647016,2.73849569576989e-05,0.0073795486154826,-0.000304443585000891,3.09412134928908e-05,0.0124773534194593,0.0124774457773764,0.000740198906122193,0
noise_only,S136,stage2_safe_dmu_A_locked,A_locked_vib_gap_orthogonal,0.371092574690059,0.371119959647016,2.73849569576989e-05,0.0073795486154826,-0.000304443585000891,1.76122353107514e-05,0.0124774362523865,0.0124774457773764,7.63376581585091e-05,0
noise_only,S136,linear_raw_refit_can_move_A,linear_update_raw,0.371092574690059,0.371498816413607,0.000406241723547973,0.109471800638229,-6.99712982115065e-05,1.76122353107636e-05,0.0124766717269248,0.0124774457773764,0.0062035969979461,0.000378856766590271
noise_only,S136,linear_safe_refit_can_move_A,linear_update_vib_gap_orthogonal,0.371092574690059,0.371510727069101,0.000418152379042414,0.112681419021025,-0.000112653788879086,1.76122353107608e-05,0.0124766717269248,0.0124774457773764,0.0062035969979461,0.000390767422084713
ch6_static_dg,S136,stage1_gap_fixed_tilt,main,0.371092574690059,0.372931718960176,0.00183914427011789,0.495602551911464,0.0524019098122052,NaN,0.0124925433935592,0.0124925433935592,0,NaN
ch6_static_dg,S136,current_gap_tilt_independent,diagnostic_unprotected,0.371092574690059,0.3563442496864,-0.0147483250036586,-3.97429806187218,0.0316125362845054,-0.000762390831077755,0.0146151554675036,0.0124925433935592,-16.9910322267819,NaN
ch6_static_dg,S136,stage2_raw_dmu_A_locked,A_locked_raw,0.371092574690059,0.372931718960176,0.00183914427011789,0.495602551911464,0.0524019098122052,-8.73749452400573e-05,0.0124897281130171,0.0124925433935592,0.0225356875168184,0
ch6_static_dg,S136,stage2_gaporth_dmu_A_locked,A_locked_gap_orthogonal,0.371092574690059,0.372931718960176,0.00183914427011789,0.495602551911464,0.0524019098122052,-8.29120751823964e-05,0.0124899990079063,0.0124925433935592,0.0203672348592268,0
ch6_static_dg,S136,stage2_safe_dmu_A_locked,A_locked_vib_gap_orthogonal,0.371092574690059,0.372931718960176,0.00183914427011789,0.495602551911464,0.0524019098122052,0.000303698965139791,0.0124903706671402,0.0124925433935592,0.0173921862870594,0
ch6_static_dg,S136,linear_raw_refit_can_move_A,linear_update_raw,0.371092574690059,0.37180753801892,0.000714963328861229,0.192664412500944,0.0532039630271947,0.000303698965139786,0.0124839825562375,0.0124925433935592,0.0685275772276452,-0.00112418094125667
ch6_static_dg,S136,linear_safe_refit_can_move_A,linear_update_vib_gap_orthogonal,0.371092574690059,0.371989710305699,0.000897135615640421,0.241755205258343,0.0516571924521253,0.000303698965139783,0.0124839825562375,0.0124925433935592,0.0685275772276452,-0.000942008654477445
ch6_tilt_dmu,S136,stage1_gap_fixed_tilt,main,0.371092574690059,0.419171205557319,0.0480786308672602,12.9559668251018,-0.0682458931265964,NaN,0.0360252429803661,0.0360252429803661,0,NaN
ch6_tilt_dmu,S136,current_gap_tilt_independent,diagnostic_unprotected,0.371092574690059,0.387115590669035,0.0160230159789767,4.31779482312716,-0.00270059636506468,0.0311064581581514,0.0138903092320208,0.0360252429803661,61.4428437315715,NaN
ch6_tilt_dmu,S136,stage2_raw_dmu_A_locked,A_locked_raw,0.371092574690059,0.419171205557319,0.0480786308672602,12.9559668251018,-0.0682458931265964,0.013444667704477,0.0155703016859086,0.0360252429803661,56.77946795697,0
ch6_tilt_dmu,S136,stage2_gaporth_dmu_A_locked,A_locked_gap_orthogonal,0.371092574690059,0.419171205557319,0.0480786308672602,12.9559668251018,-0.0682458931265964,0.0134915847390145,0.0152107465832847,0.0360252429803661,57.777532294301,0
ch6_tilt_dmu,S136,stage2_safe_dmu_A_locked,A_locked_vib_gap_orthogonal,0.371092574690059,0.419171205557319,0.0480786308672602,12.9559668251018,-0.0682458931265964,0.0357337609175319,0.0135634118079992,0.0360252429803661,62.3502558597835,0
ch6_tilt_dmu,S136,linear_raw_refit_can_move_A,linear_update_raw,0.371092574690059,0.360558000636144,-0.0105345740539149,-2.83879947280365,0.00320490021306394,0.0357337609175319,0.0126824704141357,0.0360252429803661,64.7956006263506,-0.0586132049211751
ch6_tilt_dmu,S136,linear_safe_refit_can_move_A,linear_update_vib_gap_orthogonal,0.371092574690059,0.40834884846038,0.0372562737703214,10.039617149828,-0.080283876100697,0.035733760917532,0.0126824704141357,0.0360252429803661,64.7956006263506,-0.0108223570969389
ch6_dg_dmu,S136,stage1_gap_fixed_tilt,main,0.371092574690059,0.409640308085683,0.0385477333956242,10.3876326352851,-0.0301280259865432,NaN,0.0313344894675196,0.0313344894675196,0,NaN
ch6_dg_dmu,S136,current_gap_tilt_independent,diagnostic_unprotected,0.371092574690059,0.378202613891986,0.00711003920192727,1.91597452680525,0.00829056652508811,0.0188150183408976,0.0185870412105062,0.0313344894675196,40.6818444264969,NaN
ch6_dg_dmu,S136,stage2_raw_dmu_A_locked,A_locked_raw,0.371092574690059,0.409640308085683,0.0385477333956242,10.3876326352851,-0.0301280259865432,0.0112752819912266,0.0143909454099163,0.0313344894675196,54.0731454238834,0
ch6_dg_dmu,S136,stage2_gaporth_dmu_A_locked,A_locked_gap_orthogonal,0.371092574690059,0.409640308085683,0.0385477333956242,10.3876326352851,-0.0301280259865432,0.0112747062659856,0.0142499243021766,0.0313344894675196,54.5231961830825,0
ch6_dg_dmu,S136,stage2_safe_dmu_A_locked,A_locked_vib_gap_orthogonal,0.371092574690059,0.409640308085683,0.0385477333956242,10.3876326352851,-0.0301280259865432,0.0314356700737089,0.0129838961956551,0.0313344894675196,58.5635623356371,0
ch6_dg_dmu,S136,linear_raw_refit_can_move_A,linear_update_raw,0.371092574690059,0.361289750454952,-0.00980282423510681,-2.64161152868506,0.0346532215680907,0.0314356700737089,0.0125239740811863,0.0313344894675196,60.0313447130892,-0.048350557630731
ch6_dg_dmu,S136,linear_safe_refit_can_move_A,linear_update_vib_gap_orthogonal,0.371092574690059,0.401767194136706,0.0306746194466477,8.26602889380568,-0.0401136708079284,0.0314356700737089,0.0125239740811863,0.0313344894675196,60.0313447130892,-0.00787311394897647
